[{"cantidad":"6","idmunicipio":"ahuachapan","municipio":"Ahuachapán","iddepartamento":"ahuachapan","departamento":"Ahuachapán","row":"6:Ahuachapán, Ahuachapán"},{"cantidad":"1","idmunicipio":"atiquizaya","municipio":"Atiquizaya","iddepartamento":"ahuachapan","departamento":"Ahuachapán","row":"1:Atiquizaya, Ahuachapán"},{"cantidad":"1","idmunicipio":"elrefugio","municipio":"El Refugio","iddepartamento":"ahuachapan","departamento":"Ahuachapán","row":"1:El Refugio, Ahuachapán"},{"cantidad":"2","idmunicipio":"jujutla","municipio":"Jujutla","iddepartamento":"ahuachapan","departamento":"Ahuachapán","row":"2:Jujutla, Ahuachapán"},{"cantidad":"1","idmunicipio":"sanfranciscomenendez","municipio":"San Francisco Menéndez","iddepartamento":"ahuachapan","departamento":"Ahuachapán","row":"1:San Francisco Menéndez, Ahuachapán"},{"cantidad":"1","idmunicipio":"sanpedropuxtla","municipio":"San Pedro Puxtla","iddepartamento":"ahuachapan","departamento":"Ahuachapán","row":"1:San Pedro Puxtla, Ahuachapán"},{"cantidad":"2","idmunicipio":"tacuba","municipio":"Tacuba","iddepartamento":"ahuachapan","departamento":"Ahuachapán","row":"2:Tacuba, Ahuachapán"},{"cantidad":"1","idmunicipio":"turin","municipio":"Turín","iddepartamento":"ahuachapan","departamento":"Ahuachapán","row":"1:Turín, Ahuachapán"},{"cantidad":"1","idmunicipio":"candelariadelafrontera","municipio":"Candelaria de la Frontera","iddepartamento":"santaana","departamento":"Santa Ana","row":"1:Candelaria de la Frontera, Santa Ana"},{"cantidad":"3","idmunicipio":"chalchuapa","municipio":"Chalchuapa","iddepartamento":"santaana","departamento":"Santa Ana","row":"3:Chalchuapa, Santa Ana"},{"cantidad":"1","idmunicipio":"coatepeque","municipio":"Coatepeque","iddepartamento":"santaana","departamento":"Santa Ana","row":"1:Coatepeque, Santa Ana"},{"cantidad":"2","idmunicipio":"metapan","municipio":"Metapán","iddepartamento":"santaana","departamento":"Santa Ana","row":"2:Metapán, Santa Ana"},{"cantidad":"18","idmunicipio":"santaana","municipio":"Santa Ana","iddepartamento":"santaana","departamento":"Santa Ana","row":"18:Santa Ana, Santa Ana"},{"cantidad":"1","idmunicipio":"santiagodelafrontera","municipio":"Santiago de la Frontera","iddepartamento":"santaana","departamento":"Santa Ana","row":"1:Santiago de la Frontera, Santa Ana"},{"cantidad":"3","idmunicipio":"acajutla","municipio":"Acajutla","iddepartamento":"sonsonate","departamento":"Sonsonate","row":"3:Acajutla, Sonsonate"},{"cantidad":"1","idmunicipio":"izalco","municipio":"Izalco","iddepartamento":"sonsonate","departamento":"Sonsonate","row":"1:Izalco, Sonsonate"},{"cantidad":"1","idmunicipio":"juayua","municipio":"Juayúa","iddepartamento":"sonsonate","departamento":"Sonsonate","row":"1:Juayúa, Sonsonate"},{"cantidad":"1","idmunicipio":"nahuizalco","municipio":"Nahuizalco","iddepartamento":"sonsonate","departamento":"Sonsonate","row":"1:Nahuizalco, Sonsonate"},{"cantidad":"1","idmunicipio":"sanantoniodelmonte","municipio":"San Antonio del Monte","iddepartamento":"sonsonate","departamento":"Sonsonate","row":"1:San Antonio del Monte, Sonsonate"},{"cantidad":"1","idmunicipio":"sanjulian","municipio":"San Julián","iddepartamento":"sonsonate","departamento":"Sonsonate","row":"1:San Julián, Sonsonate"},{"cantidad":"3","idmunicipio":"sonsonate","municipio":"Sonsonate","iddepartamento":"sonsonate","departamento":"Sonsonate","row":"3:Sonsonate, Sonsonate"},{"cantidad":"6","idmunicipio":"chalatenango","municipio":"Chalatenango","iddepartamento":"chalatenango","departamento":"Chalatenango","row":"6:Chalatenango, Chalatenango"},{"cantidad":"1","idmunicipio":"concepcionquezaltepeque","municipio":"Concepción Quezaltepeque","iddepartamento":"chalatenango","departamento":"Chalatenango","row":"1:Concepción Quezaltepeque, Chalatenango"},{"cantidad":"1","idmunicipio":"elparaiso","municipio":"El Paraíso","iddepartamento":"chalatenango","departamento":"Chalatenango","row":"1:El Paraíso, Chalatenango"},{"cantidad":"2","idmunicipio":"nuevaconcepcion","municipio":"Nueva Concepción","iddepartamento":"chalatenango","departamento":"Chalatenango","row":"2:Nueva Concepción, Chalatenango"},{"cantidad":"1","idmunicipio":"ojosdeagua","municipio":"Ojos de Agua","iddepartamento":"chalatenango","departamento":"Chalatenango","row":"1:Ojos de Agua, Chalatenango"},{"cantidad":"1","idmunicipio":"potonico","municipio":"Potonico","iddepartamento":"chalatenango","departamento":"Chalatenango","row":"1:Potonico, Chalatenango"},{"cantidad":"1","idmunicipio":"sanisidrolabrador","municipio":"San Isidro Labrador","iddepartamento":"chalatenango","departamento":"Chalatenango","row":"1:San Isidro Labrador, Chalatenango"},{"cantidad":"1","idmunicipio":"sanmigueldemercedes","municipio":"San Miguel de Mercedes","iddepartamento":"chalatenango","departamento":"Chalatenango","row":"1:San Miguel de Mercedes, Chalatenango"},{"cantidad":"1","idmunicipio":"tejutla","municipio":"Tejutla","iddepartamento":"chalatenango","departamento":"Chalatenango","row":"1:Tejutla, Chalatenango"},{"cantidad":"3","idmunicipio":"antiguocuscatlan","municipio":"Antiguo Cuscatlán","iddepartamento":"lalibertad","departamento":"La Libertad","row":"3:Antiguo Cuscatlán, La Libertad"},{"cantidad":"1","idmunicipio":"ciudadarce","municipio":"Ciudad Arce","iddepartamento":"lalibertad","departamento":"La Libertad","row":"1:Ciudad Arce, La Libertad"},{"cantidad":"8","idmunicipio":"colon","municipio":"Colón","iddepartamento":"lalibertad","departamento":"La Libertad","row":"8:Colón, La Libertad"},{"cantidad":"1","idmunicipio":"nuevocuscatlan","municipio":"Nuevo Cuscatlán","iddepartamento":"lalibertad","departamento":"La Libertad","row":"1:Nuevo Cuscatlán, La Libertad"},{"cantidad":"5","idmunicipio":"quezaltepeque","municipio":"Quezaltepeque","iddepartamento":"lalibertad","departamento":"La Libertad","row":"5:Quezaltepeque, La Libertad"},{"cantidad":"3","idmunicipio":"sanjosevillanueva","municipio":"San José Villanueva","iddepartamento":"lalibertad","departamento":"La Libertad","row":"3:San José Villanueva, La Libertad"},{"cantidad":"3","idmunicipio":"sanjuanopico","municipio":"San Juan Opico","iddepartamento":"lalibertad","departamento":"La Libertad","row":"3:San Juan Opico, La Libertad"},{"cantidad":"21","idmunicipio":"santatecla","municipio":"Santa Tecla","iddepartamento":"lalibertad","departamento":"La Libertad","row":"21:Santa Tecla, La Libertad"},{"cantidad":"1","idmunicipio":"zaragoza","municipio":"Zaragoza","iddepartamento":"lalibertad","departamento":"La Libertad","row":"1:Zaragoza, La Libertad"},{"cantidad":"9","idmunicipio":"apopa","municipio":"Apopa","iddepartamento":"sansalvador","departamento":"San Salvador","row":"9:Apopa, San Salvador"},{"cantidad":"8","idmunicipio":"ayutuxtepeque","municipio":"Ayutuxtepeque","iddepartamento":"sansalvador","departamento":"San Salvador","row":"8:Ayutuxtepeque, San Salvador"},{"cantidad":"4","idmunicipio":"cuscatancingo","municipio":"Cuscatancingo","iddepartamento":"sansalvador","departamento":"San Salvador","row":"4:Cuscatancingo, San Salvador"},{"cantidad":"6","idmunicipio":"ciudaddelgado","municipio":"Ciudad Delgado","iddepartamento":"sansalvador","departamento":"San Salvador","row":"6:Ciudad Delgado, San Salvador"},{"cantidad":"2","idmunicipio":"elpaisnal","municipio":"El Paisnal","iddepartamento":"sansalvador","departamento":"San Salvador","row":"2:El Paisnal, San Salvador"},{"cantidad":"1","idmunicipio":"guazapa","municipio":"Guazapa","iddepartamento":"sansalvador","departamento":"San Salvador","row":"1:Guazapa, San Salvador"},{"cantidad":"9","idmunicipio":"ilopango","municipio":"Ilopango","iddepartamento":"sansalvador","departamento":"San Salvador","row":"9:Ilopango, San Salvador"},{"cantidad":"11","idmunicipio":"mejicanos","municipio":"Mejicanos","iddepartamento":"sansalvador","departamento":"San Salvador","row":"11:Mejicanos, San Salvador"},{"cantidad":"1","idmunicipio":"panchimalco","municipio":"Panchimalco","iddepartamento":"sansalvador","departamento":"San Salvador","row":"1:Panchimalco, San Salvador"},{"cantidad":"7","idmunicipio":"sanmarcos","municipio":"San Marcos","iddepartamento":"sansalvador","departamento":"San Salvador","row":"7:San Marcos, San Salvador"},{"cantidad":"4","idmunicipio":"sanmartin","municipio":"San Martín","iddepartamento":"sansalvador","departamento":"San Salvador","row":"4:San Martín, San Salvador"},{"cantidad":"38","idmunicipio":"sansalvador","municipio":"San Salvador","iddepartamento":"sansalvador","departamento":"San Salvador","row":"38:San Salvador, San Salvador"},{"cantidad":"3","idmunicipio":"santiagotexacuangos","municipio":"Santiago Texacuangos","iddepartamento":"sansalvador","departamento":"San Salvador","row":"3:Santiago Texacuangos, San Salvador"},{"cantidad":"4","idmunicipio":"santotomas","municipio":"Santo Tomás","iddepartamento":"sansalvador","departamento":"San Salvador","row":"4:Santo Tomás, San Salvador"},{"cantidad":"52","idmunicipio":"soyapango","municipio":"Soyapango","iddepartamento":"sansalvador","departamento":"San Salvador","row":"52:Soyapango, San Salvador"},{"cantidad":"7","idmunicipio":"tonacatepeque","municipio":"Tonacatepeque","iddepartamento":"sansalvador","departamento":"San Salvador","row":"7:Tonacatepeque, San Salvador"},{"cantidad":"1","idmunicipio":"cojutepeque","municipio":"Cojutepeque","iddepartamento":"cuscatlan","departamento":"Cuscatlán","row":"1:Cojutepeque, Cuscatlán"},{"cantidad":"1","idmunicipio":"sanbartolomeperulapia","municipio":"San Bartolomé Perulapía","iddepartamento":"cuscatlan","departamento":"Cuscatlán","row":"1:San Bartolomé Perulapía, Cuscatlán"},{"cantidad":"3","idmunicipio":"sanpedroperulapan","municipio":"San Pedro Perulapán","iddepartamento":"cuscatlan","departamento":"Cuscatlán","row":"3:San Pedro Perulapán, Cuscatlán"},{"cantidad":"1","idmunicipio":"sanramon","municipio":"San Ramón","iddepartamento":"cuscatlan","departamento":"Cuscatlán","row":"1:San Ramón, Cuscatlán"},{"cantidad":"3","idmunicipio":"santacruzmichapa","municipio":"Santa Cruz Michapa","iddepartamento":"cuscatlan","departamento":"Cuscatlán","row":"3:Santa Cruz Michapa, Cuscatlán"},{"cantidad":"1","idmunicipio":"suchitoto","municipio":"Suchitoto","iddepartamento":"cuscatlan","departamento":"Cuscatlán","row":"1:Suchitoto, Cuscatlán"},{"cantidad":"1","idmunicipio":"jerusalen","municipio":"Jerusalén","iddepartamento":"lapaz","departamento":"La Paz","row":"1:Jerusalén, La Paz"},{"cantidad":"1","idmunicipio":"olocuilta","municipio":"Olocuilta","iddepartamento":"lapaz","departamento":"La Paz","row":"1:Olocuilta, La Paz"},{"cantidad":"3","idmunicipio":"sanjuannonualco","municipio":"San Juan Nonualco","iddepartamento":"lapaz","departamento":"La Paz","row":"3:San Juan Nonualco, La Paz"},{"cantidad":"1","idmunicipio":"sanjuantepezontes","municipio":"San Juan Tepezontes","iddepartamento":"lapaz","departamento":"La Paz","row":"1:San Juan Tepezontes, La Paz"},{"cantidad":"1","idmunicipio":"sanluislaherradura","municipio":"San Luis La Herradura","iddepartamento":"lapaz","departamento":"La Paz","row":"1:San Luis La Herradura, La Paz"},{"cantidad":"8","idmunicipio":"zacatecoluca","municipio":"Zacatecoluca","iddepartamento":"lapaz","departamento":"La Paz","row":"8:Zacatecoluca, La Paz"},{"cantidad":"1","idmunicipio":"guacotecti","municipio":"Guacotecti","iddepartamento":"cabanas","departamento":"Cabañas","row":"1:Guacotecti, Cabañas"},{"cantidad":"2","idmunicipio":"sanisidro","municipio":"San Isidro","iddepartamento":"cabanas","departamento":"Cabañas","row":"2:San Isidro, Cabañas"},{"cantidad":"1","idmunicipio":"apastepeque","municipio":"Apastepeque","iddepartamento":"sanvicente","departamento":"San Vicente","row":"1:Apastepeque, San Vicente"},{"cantidad":"2","idmunicipio":"guadalupe","municipio":"Guadalupe","iddepartamento":"sanvicente","departamento":"San Vicente","row":"2:Guadalupe, San Vicente"},{"cantidad":"1","idmunicipio":"sansebastian","municipio":"San Sebastián","iddepartamento":"sanvicente","departamento":"San Vicente","row":"1:San Sebastián, San Vicente"},{"cantidad":"7","idmunicipio":"sanvicente","municipio":"San Vicente","iddepartamento":"sanvicente","departamento":"San Vicente","row":"7:San Vicente, San Vicente"},{"cantidad":"1","idmunicipio":"santodomingo","municipio":"Santo Domingo","iddepartamento":"sanvicente","departamento":"San Vicente","row":"1:Santo Domingo, San Vicente"},{"cantidad":"1","idmunicipio":"santaelena","municipio":"Santa Elena","iddepartamento":"usulutan","departamento":"Usulután","row":"1:Santa Elena, Usulután"},{"cantidad":"2","idmunicipio":"santamaria","municipio":"Santa María","iddepartamento":"usulutan","departamento":"Usulután","row":"2:Santa María, Usulután"},{"cantidad":"2","idmunicipio":"santiagodemaria","municipio":"Santiago de María","iddepartamento":"usulutan","departamento":"Usulután","row":"2:Santiago de María, Usulután"},{"cantidad":"2","idmunicipio":"usulutan","municipio":"Usulután","iddepartamento":"usulutan","departamento":"Usulután","row":"2:Usulután, Usulután"},{"cantidad":"1","idmunicipio":"quelepa","municipio":"Quelepa","iddepartamento":"sanmiguel","departamento":"San Miguel","row":"1:Quelepa, San Miguel"},{"cantidad":"55","idmunicipio":"sanmiguel","municipio":"San Miguel","iddepartamento":"sanmiguel","departamento":"San Miguel","row":"55:San Miguel, San Miguel"},{"cantidad":"1","idmunicipio":"arambala","municipio":"Arambala","iddepartamento":"morazan","departamento":"Morazán","row":"1:Arambala, Morazán"},{"cantidad":"1","idmunicipio":"meanguera","municipio":"Meanguera","iddepartamento":"morazan","departamento":"Morazán","row":"1:Meanguera, Morazán"},{"cantidad":"1","idmunicipio":"sancarlos","municipio":"San Carlos","iddepartamento":"morazan","departamento":"Morazán","row":"1:San Carlos, Morazán"},{"cantidad":"2","idmunicipio":"sanfranciscogotera","municipio":"San Francisco Gotera","iddepartamento":"morazan","departamento":"Morazán","row":"2:San Francisco Gotera, Morazán"},{"cantidad":"1","idmunicipio":"sociedad","municipio":"Sociedad","iddepartamento":"morazan","departamento":"Morazán","row":"1:Sociedad, Morazán"},{"cantidad":"4","idmunicipio":"conchagua","municipio":"Conchagua","iddepartamento":"launion","departamento":"La Unión","row":"4:Conchagua, La Unión"},{"cantidad":"1","idmunicipio":"launion","municipio":"La Unión","iddepartamento":"launion","departamento":"La Unión","row":"1:La Unión, La Unión"},{"cantidad":"1","idmunicipio":"lislique","municipio":"Lislique","iddepartamento":"launion","departamento":"La Unión","row":"1:Lislique, La Unión"},{"cantidad":"1","idmunicipio":"pasaquina","municipio":"Pasaquina","iddepartamento":"launion","departamento":"La Unión","row":"1:Pasaquina, La Unión"}]