[{"cantidad":"2","idmunicipio":"turin","municipio":"Turín","iddepartamento":"ahuachapan","departamento":"Ahuachapán","row":"2:Turín, Ahuachapán"},{"cantidad":"8","idmunicipio":"chalchuapa","municipio":"Chalchuapa","iddepartamento":"santaana","departamento":"Santa Ana","row":"8:Chalchuapa, Santa Ana"},{"cantidad":"6","idmunicipio":"metapan","municipio":"Metapán","iddepartamento":"santaana","departamento":"Santa Ana","row":"6:Metapán, Santa Ana"},{"cantidad":"22","idmunicipio":"santaana","municipio":"Santa Ana","iddepartamento":"santaana","departamento":"Santa Ana","row":"22:Santa Ana, Santa Ana"},{"cantidad":"2","idmunicipio":"sonsonate","municipio":"Sonsonate","iddepartamento":"sonsonate","departamento":"Sonsonate","row":"2:Sonsonate, Sonsonate"},{"cantidad":"2","idmunicipio":"chalatenango","municipio":"Chalatenango","iddepartamento":"chalatenango","departamento":"Chalatenango","row":"2:Chalatenango, Chalatenango"},{"cantidad":"12","idmunicipio":"ojosdeagua","municipio":"Ojos de Agua","iddepartamento":"chalatenango","departamento":"Chalatenango","row":"12:Ojos de Agua, Chalatenango"},{"cantidad":"6","idmunicipio":"antiguocuscatlan","municipio":"Antiguo Cuscatlán","iddepartamento":"lalibertad","departamento":"La Libertad","row":"6:Antiguo Cuscatlán, La Libertad"},{"cantidad":"4","idmunicipio":"nuevocuscatlan","municipio":"Nuevo Cuscatlán","iddepartamento":"lalibertad","departamento":"La Libertad","row":"4:Nuevo Cuscatlán, La Libertad"},{"cantidad":"2","idmunicipio":"quezaltepeque","municipio":"Quezaltepeque","iddepartamento":"lalibertad","departamento":"La Libertad","row":"2:Quezaltepeque, La Libertad"},{"cantidad":"4","idmunicipio":"sanjuanopico","municipio":"San Juan Opico","iddepartamento":"lalibertad","departamento":"La Libertad","row":"4:San Juan Opico, La Libertad"},{"cantidad":"11","idmunicipio":"santatecla","municipio":"Santa Tecla","iddepartamento":"lalibertad","departamento":"La Libertad","row":"11:Santa Tecla, La Libertad"},{"cantidad":"2","idmunicipio":"aguilares","municipio":"Aguilares","iddepartamento":"sansalvador","departamento":"San Salvador","row":"2:Aguilares, San Salvador"},{"cantidad":"4","idmunicipio":"apopa","municipio":"Apopa","iddepartamento":"sansalvador","departamento":"San Salvador","row":"4:Apopa, San Salvador"},{"cantidad":"4","idmunicipio":"ayutuxtepeque","municipio":"Ayutuxtepeque","iddepartamento":"sansalvador","departamento":"San Salvador","row":"4:Ayutuxtepeque, San Salvador"},{"cantidad":"4","idmunicipio":"cuscatancingo","municipio":"Cuscatancingo","iddepartamento":"sansalvador","departamento":"San Salvador","row":"4:Cuscatancingo, San Salvador"},{"cantidad":"2","idmunicipio":"ciudaddelgado","municipio":"Ciudad Delgado","iddepartamento":"sansalvador","departamento":"San Salvador","row":"2:Ciudad Delgado, San Salvador"},{"cantidad":"6","idmunicipio":"ilopango","municipio":"Ilopango","iddepartamento":"sansalvador","departamento":"San Salvador","row":"6:Ilopango, San Salvador"},{"cantidad":"14","idmunicipio":"mejicanos","municipio":"Mejicanos","iddepartamento":"sansalvador","departamento":"San Salvador","row":"14:Mejicanos, San Salvador"},{"cantidad":"4","idmunicipio":"panchimalco","municipio":"Panchimalco","iddepartamento":"sansalvador","departamento":"San Salvador","row":"4:Panchimalco, San Salvador"},{"cantidad":"2","idmunicipio":"sanmarcos","municipio":"San Marcos","iddepartamento":"sansalvador","departamento":"San Salvador","row":"2:San Marcos, San Salvador"},{"cantidad":"40","idmunicipio":"sansalvador","municipio":"San Salvador","iddepartamento":"sansalvador","departamento":"San Salvador","row":"40:San Salvador, San Salvador"},{"cantidad":"19","idmunicipio":"soyapango","municipio":"Soyapango","iddepartamento":"sansalvador","departamento":"San Salvador","row":"19:Soyapango, San Salvador"},{"cantidad":"2","idmunicipio":"tonacatepeque","municipio":"Tonacatepeque","iddepartamento":"sansalvador","departamento":"San Salvador","row":"2:Tonacatepeque, San Salvador"},{"cantidad":"2","idmunicipio":"elcarmen","municipio":"El Carmen","iddepartamento":"cuscatlan","departamento":"Cuscatlán","row":"2:El Carmen, Cuscatlán"},{"cantidad":"2","idmunicipio":"sanpedroperulapan","municipio":"San Pedro Perulapán","iddepartamento":"cuscatlan","departamento":"Cuscatlán","row":"2:San Pedro Perulapán, Cuscatlán"},{"cantidad":"4","idmunicipio":"sanjuannonualco","municipio":"San Juan Nonualco","iddepartamento":"lapaz","departamento":"La Paz","row":"4:San Juan Nonualco, La Paz"},{"cantidad":"2","idmunicipio":"zacatecoluca","municipio":"Zacatecoluca","iddepartamento":"lapaz","departamento":"La Paz","row":"2:Zacatecoluca, La Paz"},{"cantidad":"4","idmunicipio":"ilobasco","municipio":"Ilobasco","iddepartamento":"cabanas","departamento":"Cabañas","row":"4:Ilobasco, Cabañas"},{"cantidad":"2","idmunicipio":"sanvicente","municipio":"San Vicente","iddepartamento":"sanvicente","departamento":"San Vicente","row":"2:San Vicente, San Vicente"},{"cantidad":"4","idmunicipio":"usulutan","municipio":"Usulután","iddepartamento":"usulutan","departamento":"Usulután","row":"4:Usulután, Usulután"},{"cantidad":"4","idmunicipio":"chinameca","municipio":"Chinameca","iddepartamento":"sanmiguel","departamento":"San Miguel","row":"4:Chinameca, San Miguel"},{"cantidad":"2","idmunicipio":"chirilagua","municipio":"Chirilagua","iddepartamento":"sanmiguel","departamento":"San Miguel","row":"2:Chirilagua, San Miguel"},{"cantidad":"4","idmunicipio":"ciudadbarrios","municipio":"Ciudad Barrios","iddepartamento":"sanmiguel","departamento":"San Miguel","row":"4:Ciudad Barrios, San Miguel"},{"cantidad":"2","idmunicipio":"eltransito","municipio":"El Tránsito","iddepartamento":"sanmiguel","departamento":"San Miguel","row":"2:El Tránsito, San Miguel"},{"cantidad":"2","idmunicipio":"lolotique","municipio":"Lolotique","iddepartamento":"sanmiguel","departamento":"San Miguel","row":"2:Lolotique, San Miguel"},{"cantidad":"4","idmunicipio":"moncagua","municipio":"Moncagua","iddepartamento":"sanmiguel","departamento":"San Miguel","row":"4:Moncagua, San Miguel"},{"cantidad":"2","idmunicipio":"quelepa","municipio":"Quelepa","iddepartamento":"sanmiguel","departamento":"San Miguel","row":"2:Quelepa, San Miguel"},{"cantidad":"20","idmunicipio":"sanmiguel","municipio":"San Miguel","iddepartamento":"sanmiguel","departamento":"San Miguel","row":"20:San Miguel, San Miguel"},{"cantidad":"2","idmunicipio":"sanrafaeloriente","municipio":"San Rafael Oriente","iddepartamento":"sanmiguel","departamento":"San Miguel","row":"2:San Rafael Oriente, San Miguel"},{"cantidad":"2","idmunicipio":"jocoro","municipio":"Jocoro","iddepartamento":"morazan","departamento":"Morazán","row":"2:Jocoro, Morazán"},{"cantidad":"8","idmunicipio":"conchagua","municipio":"Conchagua","iddepartamento":"launion","departamento":"La Unión","row":"8:Conchagua, La Unión"},{"cantidad":"2","idmunicipio":"elcarmen","municipio":"El Carmen","iddepartamento":"launion","departamento":"La Unión","row":"2:El Carmen, La Unión"},{"cantidad":"4","idmunicipio":"launion","municipio":"La Unión","iddepartamento":"launion","departamento":"La Unión","row":"4:La Unión, La Unión"},{"cantidad":"2","idmunicipio":"pasaquina","municipio":"Pasaquina","iddepartamento":"launion","departamento":"La Unión","row":"2:Pasaquina, La Unión"},{"cantidad":"2","idmunicipio":"sanalejo","municipio":"San Alejo","iddepartamento":"launion","departamento":"La Unión","row":"2:San Alejo, La Unión"},{"cantidad":"2","idmunicipio":"santarosadelima","municipio":"Santa Rosa de Lima","iddepartamento":"launion","departamento":"La Unión","row":"2:Santa Rosa de Lima, La Unión"}]