[{"cantidad":"5","idmunicipio":"ahuachapan","municipio":"Ahuachapán","iddepartamento":"ahuachapan","departamento":"Ahuachapán","row":"5:Ahuachapán, Ahuachapán"},{"cantidad":"1","idmunicipio":"apaneca","municipio":"Apaneca","iddepartamento":"ahuachapan","departamento":"Ahuachapán","row":"1:Apaneca, Ahuachapán"},{"cantidad":"3","idmunicipio":"atiquizaya","municipio":"Atiquizaya","iddepartamento":"ahuachapan","departamento":"Ahuachapán","row":"3:Atiquizaya, Ahuachapán"},{"cantidad":"1","idmunicipio":"concepciondeataco","municipio":"Concepción de Ataco","iddepartamento":"ahuachapan","departamento":"Ahuachapán","row":"1:Concepción de Ataco, Ahuachapán"},{"cantidad":"1","idmunicipio":"elrefugio","municipio":"El Refugio","iddepartamento":"ahuachapan","departamento":"Ahuachapán","row":"1:El Refugio, Ahuachapán"},{"cantidad":"2","idmunicipio":"sanfranciscomenendez","municipio":"San Francisco Menéndez","iddepartamento":"ahuachapan","departamento":"Ahuachapán","row":"2:San Francisco Menéndez, Ahuachapán"},{"cantidad":"2","idmunicipio":"sanpedropuxtla","municipio":"San Pedro Puxtla","iddepartamento":"ahuachapan","departamento":"Ahuachapán","row":"2:San Pedro Puxtla, Ahuachapán"},{"cantidad":"2","idmunicipio":"tacuba","municipio":"Tacuba","iddepartamento":"ahuachapan","departamento":"Ahuachapán","row":"2:Tacuba, Ahuachapán"},{"cantidad":"10","idmunicipio":"chalchuapa","municipio":"Chalchuapa","iddepartamento":"santaana","departamento":"Santa Ana","row":"10:Chalchuapa, Santa Ana"},{"cantidad":"1","idmunicipio":"elcongo","municipio":"El Congo","iddepartamento":"santaana","departamento":"Santa Ana","row":"1:El Congo, Santa Ana"},{"cantidad":"1","idmunicipio":"metapan","municipio":"Metapán","iddepartamento":"santaana","departamento":"Santa Ana","row":"1:Metapán, Santa Ana"},{"cantidad":"1","idmunicipio":"sansebastiansalitrillo","municipio":"San Sebastián Salitrillo","iddepartamento":"santaana","departamento":"Santa Ana","row":"1:San Sebastián Salitrillo, Santa Ana"},{"cantidad":"32","idmunicipio":"santaana","municipio":"Santa Ana","iddepartamento":"santaana","departamento":"Santa Ana","row":"32:Santa Ana, Santa Ana"},{"cantidad":"1","idmunicipio":"texistepeque","municipio":"Texistepeque","iddepartamento":"santaana","departamento":"Santa Ana","row":"1:Texistepeque, Santa Ana"},{"cantidad":"1","idmunicipio":"acajutla","municipio":"Acajutla","iddepartamento":"sonsonate","departamento":"Sonsonate","row":"1:Acajutla, Sonsonate"},{"cantidad":"1","idmunicipio":"armenia","municipio":"Armenia","iddepartamento":"sonsonate","departamento":"Sonsonate","row":"1:Armenia, Sonsonate"},{"cantidad":"4","idmunicipio":"izalco","municipio":"Izalco","iddepartamento":"sonsonate","departamento":"Sonsonate","row":"4:Izalco, Sonsonate"},{"cantidad":"2","idmunicipio":"juayua","municipio":"Juayúa","iddepartamento":"sonsonate","departamento":"Sonsonate","row":"2:Juayúa, Sonsonate"},{"cantidad":"1","idmunicipio":"nahuizalco","municipio":"Nahuizalco","iddepartamento":"sonsonate","departamento":"Sonsonate","row":"1:Nahuizalco, Sonsonate"},{"cantidad":"1","idmunicipio":"santaisabelishuatan","municipio":"Santa Isabel Ishuatán","iddepartamento":"sonsonate","departamento":"Sonsonate","row":"1:Santa Isabel Ishuatán, Sonsonate"},{"cantidad":"8","idmunicipio":"sonsonate","municipio":"Sonsonate","iddepartamento":"sonsonate","departamento":"Sonsonate","row":"8:Sonsonate, Sonsonate"},{"cantidad":"5","idmunicipio":"sonzacate","municipio":"Sonzacate","iddepartamento":"sonsonate","departamento":"Sonsonate","row":"5:Sonzacate, Sonsonate"},{"cantidad":"1","idmunicipio":"aguacaliente","municipio":"Agua Caliente","iddepartamento":"chalatenango","departamento":"Chalatenango","row":"1:Agua Caliente, Chalatenango"},{"cantidad":"1","idmunicipio":"azacualpa","municipio":"Azacualpa","iddepartamento":"chalatenango","departamento":"Chalatenango","row":"1:Azacualpa, Chalatenango"},{"cantidad":"56","idmunicipio":"chalatenango","municipio":"Chalatenango","iddepartamento":"chalatenango","departamento":"Chalatenango","row":"56:Chalatenango, Chalatenango"},{"cantidad":"1","idmunicipio":"comalapa","municipio":"Comalapa","iddepartamento":"chalatenango","departamento":"Chalatenango","row":"1:Comalapa, Chalatenango"},{"cantidad":"4","idmunicipio":"concepcionquezaltepeque","municipio":"Concepción Quezaltepeque","iddepartamento":"chalatenango","departamento":"Chalatenango","row":"4:Concepción Quezaltepeque, Chalatenango"},{"cantidad":"1","idmunicipio":"elcarrizal","municipio":"El Carrizal","iddepartamento":"chalatenango","departamento":"Chalatenango","row":"1:El Carrizal, Chalatenango"},{"cantidad":"4","idmunicipio":"elparaiso","municipio":"El Paraíso","iddepartamento":"chalatenango","departamento":"Chalatenango","row":"4:El Paraíso, Chalatenango"},{"cantidad":"2","idmunicipio":"nuevaconcepcion","municipio":"Nueva Concepción","iddepartamento":"chalatenango","departamento":"Chalatenango","row":"2:Nueva Concepción, Chalatenango"},{"cantidad":"4","idmunicipio":"potonico","municipio":"Potonico","iddepartamento":"chalatenango","departamento":"Chalatenango","row":"4:Potonico, Chalatenango"},{"cantidad":"2","idmunicipio":"sanfranciscolempa","municipio":"San Francisco Lempa","iddepartamento":"chalatenango","departamento":"Chalatenango","row":"2:San Francisco Lempa, Chalatenango"},{"cantidad":"1","idmunicipio":"sanmigueldemercedes","municipio":"San Miguel de Mercedes","iddepartamento":"chalatenango","departamento":"Chalatenango","row":"1:San Miguel de Mercedes, Chalatenango"},{"cantidad":"1","idmunicipio":"sanrafael","municipio":"San Rafael","iddepartamento":"chalatenango","departamento":"Chalatenango","row":"1:San Rafael, Chalatenango"},{"cantidad":"1","idmunicipio":"tejutla","municipio":"Tejutla","iddepartamento":"chalatenango","departamento":"Chalatenango","row":"1:Tejutla, Chalatenango"},{"cantidad":"2","idmunicipio":"colon","municipio":"Colón","iddepartamento":"lalibertad","departamento":"La Libertad","row":"2:Colón, La Libertad"},{"cantidad":"1","idmunicipio":"lalibertad","municipio":"La Libertad","iddepartamento":"lalibertad","departamento":"La Libertad","row":"1:La Libertad, La Libertad"},{"cantidad":"1","idmunicipio":"quezaltepeque","municipio":"Quezaltepeque","iddepartamento":"lalibertad","departamento":"La Libertad","row":"1:Quezaltepeque, La Libertad"},{"cantidad":"3","idmunicipio":"sanjosevillanueva","municipio":"San José Villanueva","iddepartamento":"lalibertad","departamento":"La Libertad","row":"3:San José Villanueva, La Libertad"},{"cantidad":"3","idmunicipio":"sanjuanopico","municipio":"San Juan Opico","iddepartamento":"lalibertad","departamento":"La Libertad","row":"3:San Juan Opico, La Libertad"},{"cantidad":"1","idmunicipio":"sanpablotacachico","municipio":"San Pablo Tacachico","iddepartamento":"lalibertad","departamento":"La Libertad","row":"1:San Pablo Tacachico, La Libertad"},{"cantidad":"29","idmunicipio":"santatecla","municipio":"Santa Tecla","iddepartamento":"lalibertad","departamento":"La Libertad","row":"29:Santa Tecla, La Libertad"},{"cantidad":"1","idmunicipio":"tamanique","municipio":"Tamanique","iddepartamento":"lalibertad","departamento":"La Libertad","row":"1:Tamanique, La Libertad"},{"cantidad":"2","idmunicipio":"apopa","municipio":"Apopa","iddepartamento":"sansalvador","departamento":"San Salvador","row":"2:Apopa, San Salvador"},{"cantidad":"5","idmunicipio":"ayutuxtepeque","municipio":"Ayutuxtepeque","iddepartamento":"sansalvador","departamento":"San Salvador","row":"5:Ayutuxtepeque, San Salvador"},{"cantidad":"3","idmunicipio":"ciudaddelgado","municipio":"Ciudad Delgado","iddepartamento":"sansalvador","departamento":"San Salvador","row":"3:Ciudad Delgado, San Salvador"},{"cantidad":"1","idmunicipio":"guazapa","municipio":"Guazapa","iddepartamento":"sansalvador","departamento":"San Salvador","row":"1:Guazapa, San Salvador"},{"cantidad":"2","idmunicipio":"ilopango","municipio":"Ilopango","iddepartamento":"sansalvador","departamento":"San Salvador","row":"2:Ilopango, San Salvador"},{"cantidad":"6","idmunicipio":"mejicanos","municipio":"Mejicanos","iddepartamento":"sansalvador","departamento":"San Salvador","row":"6:Mejicanos, San Salvador"},{"cantidad":"1","idmunicipio":"nejapa","municipio":"Nejapa","iddepartamento":"sansalvador","departamento":"San Salvador","row":"1:Nejapa, San Salvador"},{"cantidad":"1","idmunicipio":"rosariodemora","municipio":"Rosario de Mora","iddepartamento":"sansalvador","departamento":"San Salvador","row":"1:Rosario de Mora, San Salvador"},{"cantidad":"29","idmunicipio":"sansalvador","municipio":"San Salvador","iddepartamento":"sansalvador","departamento":"San Salvador","row":"29:San Salvador, San Salvador"},{"cantidad":"38","idmunicipio":"soyapango","municipio":"Soyapango","iddepartamento":"sansalvador","departamento":"San Salvador","row":"38:Soyapango, San Salvador"},{"cantidad":"2","idmunicipio":"cojutepeque","municipio":"Cojutepeque","iddepartamento":"cuscatlan","departamento":"Cuscatlán","row":"2:Cojutepeque, Cuscatlán"},{"cantidad":"1","idmunicipio":"montesanjuan","municipio":"Monte San Juan","iddepartamento":"cuscatlan","departamento":"Cuscatlán","row":"1:Monte San Juan, Cuscatlán"},{"cantidad":"5","idmunicipio":"suchitoto","municipio":"Suchitoto","iddepartamento":"cuscatlan","departamento":"Cuscatlán","row":"5:Suchitoto, Cuscatlán"},{"cantidad":"1","idmunicipio":"olocuilta","municipio":"Olocuilta","iddepartamento":"lapaz","departamento":"La Paz","row":"1:Olocuilta, La Paz"},{"cantidad":"1","idmunicipio":"sanluistalpa","municipio":"San Luis Talpa","iddepartamento":"lapaz","departamento":"La Paz","row":"1:San Luis Talpa, La Paz"},{"cantidad":"1","idmunicipio":"santiagononualco","municipio":"Santiago Nonualco","iddepartamento":"lapaz","departamento":"La Paz","row":"1:Santiago Nonualco, La Paz"},{"cantidad":"3","idmunicipio":"zacatecoluca","municipio":"Zacatecoluca","iddepartamento":"lapaz","departamento":"La Paz","row":"3:Zacatecoluca, La Paz"},{"cantidad":"1","idmunicipio":"sansebastian","municipio":"San Sebastián","iddepartamento":"sanvicente","departamento":"San Vicente","row":"1:San Sebastián, San Vicente"},{"cantidad":"1","idmunicipio":"concepcionbatres","municipio":"Concepción Batres","iddepartamento":"usulutan","departamento":"Usulután","row":"1:Concepción Batres, Usulután"},{"cantidad":"3","idmunicipio":"ereguayquin","municipio":"Ereguayquín","iddepartamento":"usulutan","departamento":"Usulután","row":"3:Ereguayquín, Usulután"},{"cantidad":"4","idmunicipio":"jiquilisco","municipio":"Jiquilisco","iddepartamento":"usulutan","departamento":"Usulután","row":"4:Jiquilisco, Usulután"},{"cantidad":"1","idmunicipio":"jucuaran","municipio":"Jucuarán","iddepartamento":"usulutan","departamento":"Usulután","row":"1:Jucuarán, Usulután"},{"cantidad":"2","idmunicipio":"ozatlan","municipio":"Ozatlán","iddepartamento":"usulutan","departamento":"Usulután","row":"2:Ozatlán, Usulután"},{"cantidad":"2","idmunicipio":"puertoeltriunfo","municipio":"Puerto El Triunfo","iddepartamento":"usulutan","departamento":"Usulután","row":"2:Puerto El Triunfo, Usulután"},{"cantidad":"1","idmunicipio":"sanfranciscojavier","municipio":"San Francisco Javier","iddepartamento":"usulutan","departamento":"Usulután","row":"1:San Francisco Javier, Usulután"},{"cantidad":"2","idmunicipio":"santaelena","municipio":"Santa Elena","iddepartamento":"usulutan","departamento":"Usulután","row":"2:Santa Elena, Usulután"},{"cantidad":"8","idmunicipio":"santamaria","municipio":"Santa María","iddepartamento":"usulutan","departamento":"Usulután","row":"8:Santa María, Usulután"},{"cantidad":"1","idmunicipio":"santiagodemaria","municipio":"Santiago de María","iddepartamento":"usulutan","departamento":"Usulután","row":"1:Santiago de María, Usulután"},{"cantidad":"1","idmunicipio":"tecapan","municipio":"Tecapán","iddepartamento":"usulutan","departamento":"Usulután","row":"1:Tecapán, Usulután"},{"cantidad":"36","idmunicipio":"usulutan","municipio":"Usulután","iddepartamento":"usulutan","departamento":"Usulután","row":"36:Usulután, Usulután"},{"cantidad":"1","idmunicipio":"quelepa","municipio":"Quelepa","iddepartamento":"sanmiguel","departamento":"San Miguel","row":"1:Quelepa, San Miguel"},{"cantidad":"41","idmunicipio":"sanmiguel","municipio":"San Miguel","iddepartamento":"sanmiguel","departamento":"San Miguel","row":"41:San Miguel, San Miguel"},{"cantidad":"3","idmunicipio":"sanrafaeloriente","municipio":"San Rafael Oriente","iddepartamento":"sanmiguel","departamento":"San Miguel","row":"3:San Rafael Oriente, San Miguel"},{"cantidad":"1","idmunicipio":"sancarlos","municipio":"San Carlos","iddepartamento":"morazan","departamento":"Morazán","row":"1:San Carlos, Morazán"},{"cantidad":"1","idmunicipio":"pasaquina","municipio":"Pasaquina","iddepartamento":"launion","departamento":"La Unión","row":"1:Pasaquina, La Unión"}]