[{"cantidad":"1","idmunicipio":"tacuba","municipio":"Tacuba","iddepartamento":"ahuachapan","departamento":"Ahuachapán","row":"1:Tacuba, Ahuachapán"},{"cantidad":"1","idmunicipio":"turin","municipio":"Turín","iddepartamento":"ahuachapan","departamento":"Ahuachapán","row":"1:Turín, Ahuachapán"},{"cantidad":"1","idmunicipio":"elporvenir","municipio":"El Porvenir","iddepartamento":"santaana","departamento":"Santa Ana","row":"1:El Porvenir, Santa Ana"},{"cantidad":"3","idmunicipio":"santaana","municipio":"Santa Ana","iddepartamento":"santaana","departamento":"Santa Ana","row":"3:Santa Ana, Santa Ana"},{"cantidad":"1","idmunicipio":"acajutla","municipio":"Acajutla","iddepartamento":"sonsonate","departamento":"Sonsonate","row":"1:Acajutla, Sonsonate"},{"cantidad":"1","idmunicipio":"izalco","municipio":"Izalco","iddepartamento":"sonsonate","departamento":"Sonsonate","row":"1:Izalco, Sonsonate"},{"cantidad":"1","idmunicipio":"sanantoniodelmonte","municipio":"San Antonio del Monte","iddepartamento":"sonsonate","departamento":"Sonsonate","row":"1:San Antonio del Monte, Sonsonate"},{"cantidad":"5","idmunicipio":"chalatenango","municipio":"Chalatenango","iddepartamento":"chalatenango","departamento":"Chalatenango","row":"5:Chalatenango, Chalatenango"},{"cantidad":"1","idmunicipio":"concepcionquezaltepeque","municipio":"Concepción Quezaltepeque","iddepartamento":"chalatenango","departamento":"Chalatenango","row":"1:Concepción Quezaltepeque, Chalatenango"},{"cantidad":"2","idmunicipio":"lapalma","municipio":"La Palma","iddepartamento":"chalatenango","departamento":"Chalatenango","row":"2:La Palma, Chalatenango"},{"cantidad":"1","idmunicipio":"nuevaconcepcion","municipio":"Nueva Concepción","iddepartamento":"chalatenango","departamento":"Chalatenango","row":"1:Nueva Concepción, Chalatenango"},{"cantidad":"1","idmunicipio":"sanfranciscomorazan","municipio":"San Francisco Morazán","iddepartamento":"chalatenango","departamento":"Chalatenango","row":"1:San Francisco Morazán, Chalatenango"},{"cantidad":"1","idmunicipio":"sanignacio","municipio":"San Ignacio","iddepartamento":"chalatenango","departamento":"Chalatenango","row":"1:San Ignacio, Chalatenango"},{"cantidad":"2","idmunicipio":"colon","municipio":"Colón","iddepartamento":"lalibertad","departamento":"La Libertad","row":"2:Colón, La Libertad"},{"cantidad":"1","idmunicipio":"quezaltepeque","municipio":"Quezaltepeque","iddepartamento":"lalibertad","departamento":"La Libertad","row":"1:Quezaltepeque, La Libertad"},{"cantidad":"1","idmunicipio":"sanjosevillanueva","municipio":"San José Villanueva","iddepartamento":"lalibertad","departamento":"La Libertad","row":"1:San José Villanueva, La Libertad"},{"cantidad":"1","idmunicipio":"sanjuanopico","municipio":"San Juan Opico","iddepartamento":"lalibertad","departamento":"La Libertad","row":"1:San Juan Opico, La Libertad"},{"cantidad":"3","idmunicipio":"santatecla","municipio":"Santa Tecla","iddepartamento":"lalibertad","departamento":"La Libertad","row":"3:Santa Tecla, La Libertad"},{"cantidad":"1","idmunicipio":"apopa","municipio":"Apopa","iddepartamento":"sansalvador","departamento":"San Salvador","row":"1:Apopa, San Salvador"},{"cantidad":"1","idmunicipio":"cuscatancingo","municipio":"Cuscatancingo","iddepartamento":"sansalvador","departamento":"San Salvador","row":"1:Cuscatancingo, San Salvador"},{"cantidad":"2","idmunicipio":"ilopango","municipio":"Ilopango","iddepartamento":"sansalvador","departamento":"San Salvador","row":"2:Ilopango, San Salvador"},{"cantidad":"4","idmunicipio":"mejicanos","municipio":"Mejicanos","iddepartamento":"sansalvador","departamento":"San Salvador","row":"4:Mejicanos, San Salvador"},{"cantidad":"1","idmunicipio":"panchimalco","municipio":"Panchimalco","iddepartamento":"sansalvador","departamento":"San Salvador","row":"1:Panchimalco, San Salvador"},{"cantidad":"9","idmunicipio":"sansalvador","municipio":"San Salvador","iddepartamento":"sansalvador","departamento":"San Salvador","row":"9:San Salvador, San Salvador"},{"cantidad":"6","idmunicipio":"soyapango","municipio":"Soyapango","iddepartamento":"sansalvador","departamento":"San Salvador","row":"6:Soyapango, San Salvador"},{"cantidad":"2","idmunicipio":"tonacatepeque","municipio":"Tonacatepeque","iddepartamento":"sansalvador","departamento":"San Salvador","row":"2:Tonacatepeque, San Salvador"},{"cantidad":"1","idmunicipio":"cojutepeque","municipio":"Cojutepeque","iddepartamento":"cuscatlan","departamento":"Cuscatlán","row":"1:Cojutepeque, Cuscatlán"},{"cantidad":"1","idmunicipio":"elcarmen","municipio":"El Carmen","iddepartamento":"cuscatlan","departamento":"Cuscatlán","row":"1:El Carmen, Cuscatlán"},{"cantidad":"1","idmunicipio":"sanrafaelcedros","municipio":"San Rafael Cedros","iddepartamento":"cuscatlan","departamento":"Cuscatlán","row":"1:San Rafael Cedros, Cuscatlán"},{"cantidad":"2","idmunicipio":"zacatecoluca","municipio":"Zacatecoluca","iddepartamento":"lapaz","departamento":"La Paz","row":"2:Zacatecoluca, La Paz"},{"cantidad":"1","idmunicipio":"ilobasco","municipio":"Ilobasco","iddepartamento":"cabanas","departamento":"Cabañas","row":"1:Ilobasco, Cabañas"},{"cantidad":"2","idmunicipio":"verapaz","municipio":"Verapaz","iddepartamento":"sanvicente","departamento":"San Vicente","row":"2:Verapaz, San Vicente"},{"cantidad":"1","idmunicipio":"estanzuelas","municipio":"Estanzuelas","iddepartamento":"usulutan","departamento":"Usulután","row":"1:Estanzuelas, Usulután"},{"cantidad":"1","idmunicipio":"jucuaran","municipio":"Jucuarán","iddepartamento":"usulutan","departamento":"Usulután","row":"1:Jucuarán, Usulután"},{"cantidad":"2","idmunicipio":"santaelena","municipio":"Santa Elena","iddepartamento":"usulutan","departamento":"Usulután","row":"2:Santa Elena, Usulután"},{"cantidad":"1","idmunicipio":"santamaria","municipio":"Santa María","iddepartamento":"usulutan","departamento":"Usulután","row":"1:Santa María, Usulután"},{"cantidad":"1","idmunicipio":"santiagodemaria","municipio":"Santiago de María","iddepartamento":"usulutan","departamento":"Usulután","row":"1:Santiago de María, Usulután"},{"cantidad":"1","idmunicipio":"tecapan","municipio":"Tecapán","iddepartamento":"usulutan","departamento":"Usulután","row":"1:Tecapán, Usulután"},{"cantidad":"4","idmunicipio":"usulutan","municipio":"Usulután","iddepartamento":"usulutan","departamento":"Usulután","row":"4:Usulután, Usulután"},{"cantidad":"1","idmunicipio":"chinameca","municipio":"Chinameca","iddepartamento":"sanmiguel","departamento":"San Miguel","row":"1:Chinameca, San Miguel"},{"cantidad":"1","idmunicipio":"ciudadbarrios","municipio":"Ciudad Barrios","iddepartamento":"sanmiguel","departamento":"San Miguel","row":"1:Ciudad Barrios, San Miguel"},{"cantidad":"1","idmunicipio":"eltransito","municipio":"El Tránsito","iddepartamento":"sanmiguel","departamento":"San Miguel","row":"1:El Tránsito, San Miguel"},{"cantidad":"2","idmunicipio":"lolotique","municipio":"Lolotique","iddepartamento":"sanmiguel","departamento":"San Miguel","row":"2:Lolotique, San Miguel"},{"cantidad":"1","idmunicipio":"sangerardo","municipio":"San Gerardo","iddepartamento":"sanmiguel","departamento":"San Miguel","row":"1:San Gerardo, San Miguel"},{"cantidad":"9","idmunicipio":"sanmiguel","municipio":"San Miguel","iddepartamento":"sanmiguel","departamento":"San Miguel","row":"9:San Miguel, San Miguel"},{"cantidad":"1","idmunicipio":"sanfranciscogotera","municipio":"San Francisco Gotera","iddepartamento":"morazan","departamento":"Morazán","row":"1:San Francisco Gotera, Morazán"},{"cantidad":"1","idmunicipio":"conchagua","municipio":"Conchagua","iddepartamento":"launion","departamento":"La Unión","row":"1:Conchagua, La Unión"},{"cantidad":"1","idmunicipio":"launion","municipio":"La Unión","iddepartamento":"launion","departamento":"La Unión","row":"1:La Unión, La Unión"}]