[{"cantidad":"60","idmunicipio":"ahuachapan","municipio":"Ahuachapán","iddepartamento":"ahuachapan","departamento":"Ahuachapán","row":"60:Ahuachapán, Ahuachapán"},{"cantidad":"1","idmunicipio":"apaneca","municipio":"Apaneca","iddepartamento":"ahuachapan","departamento":"Ahuachapán","row":"1:Apaneca, Ahuachapán"},{"cantidad":"5","idmunicipio":"atiquizaya","municipio":"Atiquizaya","iddepartamento":"ahuachapan","departamento":"Ahuachapán","row":"5:Atiquizaya, Ahuachapán"},{"cantidad":"8","idmunicipio":"concepciondeataco","municipio":"Concepción de Ataco","iddepartamento":"ahuachapan","departamento":"Ahuachapán","row":"8:Concepción de Ataco, Ahuachapán"},{"cantidad":"5","idmunicipio":"jujutla","municipio":"Jujutla","iddepartamento":"ahuachapan","departamento":"Ahuachapán","row":"5:Jujutla, Ahuachapán"},{"cantidad":"1","idmunicipio":"sanfranciscomenendez","municipio":"San Francisco Menéndez","iddepartamento":"ahuachapan","departamento":"Ahuachapán","row":"1:San Francisco Menéndez, Ahuachapán"},{"cantidad":"3","idmunicipio":"sanlorenzo","municipio":"San Lorenzo","iddepartamento":"ahuachapan","departamento":"Ahuachapán","row":"3:San Lorenzo, Ahuachapán"},{"cantidad":"2","idmunicipio":"tacuba","municipio":"Tacuba","iddepartamento":"ahuachapan","departamento":"Ahuachapán","row":"2:Tacuba, Ahuachapán"},{"cantidad":"4","idmunicipio":"turin","municipio":"Turín","iddepartamento":"ahuachapan","departamento":"Ahuachapán","row":"4:Turín, Ahuachapán"},{"cantidad":"3","idmunicipio":"chalchuapa","municipio":"Chalchuapa","iddepartamento":"santaana","departamento":"Santa Ana","row":"3:Chalchuapa, Santa Ana"},{"cantidad":"1","idmunicipio":"elcongo","municipio":"El Congo","iddepartamento":"santaana","departamento":"Santa Ana","row":"1:El Congo, Santa Ana"},{"cantidad":"1","idmunicipio":"elporvenir","municipio":"El Porvenir","iddepartamento":"santaana","departamento":"Santa Ana","row":"1:El Porvenir, Santa Ana"},{"cantidad":"3","idmunicipio":"metapan","municipio":"Metapán","iddepartamento":"santaana","departamento":"Santa Ana","row":"3:Metapán, Santa Ana"},{"cantidad":"5","idmunicipio":"sansebastiansalitrillo","municipio":"San Sebastián Salitrillo","iddepartamento":"santaana","departamento":"Santa Ana","row":"5:San Sebastián Salitrillo, Santa Ana"},{"cantidad":"35","idmunicipio":"santaana","municipio":"Santa Ana","iddepartamento":"santaana","departamento":"Santa Ana","row":"35:Santa Ana, Santa Ana"},{"cantidad":"2","idmunicipio":"sanantoniodelmonte","municipio":"San Antonio del Monte","iddepartamento":"sonsonate","departamento":"Sonsonate","row":"2:San Antonio del Monte, Sonsonate"},{"cantidad":"2","idmunicipio":"sonsonate","municipio":"Sonsonate","iddepartamento":"sonsonate","departamento":"Sonsonate","row":"2:Sonsonate, Sonsonate"},{"cantidad":"4","idmunicipio":"chalatenango","municipio":"Chalatenango","iddepartamento":"chalatenango","departamento":"Chalatenango","row":"4:Chalatenango, Chalatenango"},{"cantidad":"1","idmunicipio":"lapalma","municipio":"La Palma","iddepartamento":"chalatenango","departamento":"Chalatenango","row":"1:La Palma, Chalatenango"},{"cantidad":"3","idmunicipio":"antiguocuscatlan","municipio":"Antiguo Cuscatlán","iddepartamento":"lalibertad","departamento":"La Libertad","row":"3:Antiguo Cuscatlán, La Libertad"},{"cantidad":"1","idmunicipio":"ciudadarce","municipio":"Ciudad Arce","iddepartamento":"lalibertad","departamento":"La Libertad","row":"1:Ciudad Arce, La Libertad"},{"cantidad":"3","idmunicipio":"colon","municipio":"Colón","iddepartamento":"lalibertad","departamento":"La Libertad","row":"3:Colón, La Libertad"},{"cantidad":"1","idmunicipio":"lalibertad","municipio":"La Libertad","iddepartamento":"lalibertad","departamento":"La Libertad","row":"1:La Libertad, La Libertad"},{"cantidad":"1","idmunicipio":"nuevocuscatlan","municipio":"Nuevo Cuscatlán","iddepartamento":"lalibertad","departamento":"La Libertad","row":"1:Nuevo Cuscatlán, La Libertad"},{"cantidad":"5","idmunicipio":"sanjosevillanueva","municipio":"San José Villanueva","iddepartamento":"lalibertad","departamento":"La Libertad","row":"5:San José Villanueva, La Libertad"},{"cantidad":"1","idmunicipio":"sanjuanopico","municipio":"San Juan Opico","iddepartamento":"lalibertad","departamento":"La Libertad","row":"1:San Juan Opico, La Libertad"},{"cantidad":"1","idmunicipio":"sanpablotacachico","municipio":"San Pablo Tacachico","iddepartamento":"lalibertad","departamento":"La Libertad","row":"1:San Pablo Tacachico, La Libertad"},{"cantidad":"28","idmunicipio":"santatecla","municipio":"Santa Tecla","iddepartamento":"lalibertad","departamento":"La Libertad","row":"28:Santa Tecla, La Libertad"},{"cantidad":"1","idmunicipio":"tamanique","municipio":"Tamanique","iddepartamento":"lalibertad","departamento":"La Libertad","row":"1:Tamanique, La Libertad"},{"cantidad":"1","idmunicipio":"aguilares","municipio":"Aguilares","iddepartamento":"sansalvador","departamento":"San Salvador","row":"1:Aguilares, San Salvador"},{"cantidad":"1","idmunicipio":"apopa","municipio":"Apopa","iddepartamento":"sansalvador","departamento":"San Salvador","row":"1:Apopa, San Salvador"},{"cantidad":"1","idmunicipio":"cuscatancingo","municipio":"Cuscatancingo","iddepartamento":"sansalvador","departamento":"San Salvador","row":"1:Cuscatancingo, San Salvador"},{"cantidad":"3","idmunicipio":"ciudaddelgado","municipio":"Ciudad Delgado","iddepartamento":"sansalvador","departamento":"San Salvador","row":"3:Ciudad Delgado, San Salvador"},{"cantidad":"2","idmunicipio":"ilopango","municipio":"Ilopango","iddepartamento":"sansalvador","departamento":"San Salvador","row":"2:Ilopango, San Salvador"},{"cantidad":"4","idmunicipio":"mejicanos","municipio":"Mejicanos","iddepartamento":"sansalvador","departamento":"San Salvador","row":"4:Mejicanos, San Salvador"},{"cantidad":"3","idmunicipio":"sanmarcos","municipio":"San Marcos","iddepartamento":"sansalvador","departamento":"San Salvador","row":"3:San Marcos, San Salvador"},{"cantidad":"2","idmunicipio":"sanmartin","municipio":"San Martín","iddepartamento":"sansalvador","departamento":"San Salvador","row":"2:San Martín, San Salvador"},{"cantidad":"32","idmunicipio":"sansalvador","municipio":"San Salvador","iddepartamento":"sansalvador","departamento":"San Salvador","row":"32:San Salvador, San Salvador"},{"cantidad":"46","idmunicipio":"soyapango","municipio":"Soyapango","iddepartamento":"sansalvador","departamento":"San Salvador","row":"46:Soyapango, San Salvador"},{"cantidad":"1","idmunicipio":"tonacatepeque","municipio":"Tonacatepeque","iddepartamento":"sansalvador","departamento":"San Salvador","row":"1:Tonacatepeque, San Salvador"},{"cantidad":"1","idmunicipio":"candelaria","municipio":"Candelaria","iddepartamento":"cuscatlan","departamento":"Cuscatlán","row":"1:Candelaria, Cuscatlán"},{"cantidad":"3","idmunicipio":"cojutepeque","municipio":"Cojutepeque","iddepartamento":"cuscatlan","departamento":"Cuscatlán","row":"3:Cojutepeque, Cuscatlán"},{"cantidad":"2","idmunicipio":"sanpedroperulapan","municipio":"San Pedro Perulapán","iddepartamento":"cuscatlan","departamento":"Cuscatlán","row":"2:San Pedro Perulapán, Cuscatlán"},{"cantidad":"1","idmunicipio":"sanrafaelcedros","municipio":"San Rafael Cedros","iddepartamento":"cuscatlan","departamento":"Cuscatlán","row":"1:San Rafael Cedros, Cuscatlán"},{"cantidad":"1","idmunicipio":"suchitoto","municipio":"Suchitoto","iddepartamento":"cuscatlan","departamento":"Cuscatlán","row":"1:Suchitoto, Cuscatlán"},{"cantidad":"1","idmunicipio":"olocuilta","municipio":"Olocuilta","iddepartamento":"lapaz","departamento":"La Paz","row":"1:Olocuilta, La Paz"},{"cantidad":"5","idmunicipio":"sanfranciscochinameca","municipio":"San Francisco Chinameca","iddepartamento":"lapaz","departamento":"La Paz","row":"5:San Francisco Chinameca, La Paz"},{"cantidad":"1","idmunicipio":"sanjuannonualco","municipio":"San Juan Nonualco","iddepartamento":"lapaz","departamento":"La Paz","row":"1:San Juan Nonualco, La Paz"},{"cantidad":"1","idmunicipio":"sanluislaherradura","municipio":"San Luis La Herradura","iddepartamento":"lapaz","departamento":"La Paz","row":"1:San Luis La Herradura, La Paz"},{"cantidad":"2","idmunicipio":"sanluistalpa","municipio":"San Luis Talpa","iddepartamento":"lapaz","departamento":"La Paz","row":"2:San Luis Talpa, La Paz"},{"cantidad":"2","idmunicipio":"sanpedromasahuat","municipio":"San Pedro Masahuat","iddepartamento":"lapaz","departamento":"La Paz","row":"2:San Pedro Masahuat, La Paz"},{"cantidad":"8","idmunicipio":"apastepeque","municipio":"Apastepeque","iddepartamento":"sanvicente","departamento":"San Vicente","row":"8:Apastepeque, San Vicente"},{"cantidad":"1","idmunicipio":"guadalupe","municipio":"Guadalupe","iddepartamento":"sanvicente","departamento":"San Vicente","row":"1:Guadalupe, San Vicente"},{"cantidad":"57","idmunicipio":"sanvicente","municipio":"San Vicente","iddepartamento":"sanvicente","departamento":"San Vicente","row":"57:San Vicente, San Vicente"},{"cantidad":"1","idmunicipio":"santaclara","municipio":"Santa Clara","iddepartamento":"sanvicente","departamento":"San Vicente","row":"1:Santa Clara, San Vicente"},{"cantidad":"6","idmunicipio":"santodomingo","municipio":"Santo Domingo","iddepartamento":"sanvicente","departamento":"San Vicente","row":"6:Santo Domingo, San Vicente"},{"cantidad":"2","idmunicipio":"tecoluca","municipio":"Tecoluca","iddepartamento":"sanvicente","departamento":"San Vicente","row":"2:Tecoluca, San Vicente"},{"cantidad":"1","idmunicipio":"tepetitan","municipio":"Tepetitán","iddepartamento":"sanvicente","departamento":"San Vicente","row":"1:Tepetitán, San Vicente"},{"cantidad":"3","idmunicipio":"verapaz","municipio":"Verapaz","iddepartamento":"sanvicente","departamento":"San Vicente","row":"3:Verapaz, San Vicente"},{"cantidad":"1","idmunicipio":"alegria","municipio":"Alegría","iddepartamento":"usulutan","departamento":"Usulután","row":"1:Alegría, Usulután"},{"cantidad":"1","idmunicipio":"santamaria","municipio":"Santa María","iddepartamento":"usulutan","departamento":"Usulután","row":"1:Santa María, Usulután"},{"cantidad":"1","idmunicipio":"usulutan","municipio":"Usulután","iddepartamento":"usulutan","departamento":"Usulután","row":"1:Usulután, Usulután"},{"cantidad":"5","idmunicipio":"ciudadbarrios","municipio":"Ciudad Barrios","iddepartamento":"sanmiguel","departamento":"San Miguel","row":"5:Ciudad Barrios, San Miguel"},{"cantidad":"1","idmunicipio":"eltransito","municipio":"El Tránsito","iddepartamento":"sanmiguel","departamento":"San Miguel","row":"1:El Tránsito, San Miguel"},{"cantidad":"42","idmunicipio":"sanmiguel","municipio":"San Miguel","iddepartamento":"sanmiguel","departamento":"San Miguel","row":"42:San Miguel, San Miguel"},{"cantidad":"1","idmunicipio":"osicala","municipio":"Osicala","iddepartamento":"morazan","departamento":"Morazán","row":"1:Osicala, Morazán"},{"cantidad":"4","idmunicipio":"sanfranciscogotera","municipio":"San Francisco Gotera","iddepartamento":"morazan","departamento":"Morazán","row":"4:San Francisco Gotera, Morazán"},{"cantidad":"1","idmunicipio":"launion","municipio":"La Unión","iddepartamento":"launion","departamento":"La Unión","row":"1:La Unión, La Unión"},{"cantidad":"2","idmunicipio":"santarosadelima","municipio":"Santa Rosa de Lima","iddepartamento":"launion","departamento":"La Unión","row":"2:Santa Rosa de Lima, La Unión"}]