[{"cantidad":"2","idmunicipio":"ahuachapan","municipio":"Ahuachapán","iddepartamento":"ahuachapan","departamento":"Ahuachapán","row":"2:Ahuachapán, Ahuachapán"},{"cantidad":"2","idmunicipio":"chalchuapa","municipio":"Chalchuapa","iddepartamento":"santaana","departamento":"Santa Ana","row":"2:Chalchuapa, Santa Ana"},{"cantidad":"21","idmunicipio":"santaana","municipio":"Santa Ana","iddepartamento":"santaana","departamento":"Santa Ana","row":"21:Santa Ana, Santa Ana"},{"cantidad":"1","idmunicipio":"nahuizalco","municipio":"Nahuizalco","iddepartamento":"sonsonate","departamento":"Sonsonate","row":"1:Nahuizalco, Sonsonate"},{"cantidad":"1","idmunicipio":"sanantoniodelmonte","municipio":"San Antonio del Monte","iddepartamento":"sonsonate","departamento":"Sonsonate","row":"1:San Antonio del Monte, Sonsonate"},{"cantidad":"4","idmunicipio":"sonsonate","municipio":"Sonsonate","iddepartamento":"sonsonate","departamento":"Sonsonate","row":"4:Sonsonate, Sonsonate"},{"cantidad":"2","idmunicipio":"sonzacate","municipio":"Sonzacate","iddepartamento":"sonsonate","departamento":"Sonsonate","row":"2:Sonzacate, Sonsonate"},{"cantidad":"1","idmunicipio":"nuevaconcepcion","municipio":"Nueva Concepción","iddepartamento":"chalatenango","departamento":"Chalatenango","row":"1:Nueva Concepción, Chalatenango"},{"cantidad":"10","idmunicipio":"antiguocuscatlan","municipio":"Antiguo Cuscatlán","iddepartamento":"lalibertad","departamento":"La Libertad","row":"10:Antiguo Cuscatlán, La Libertad"},{"cantidad":"2","idmunicipio":"colon","municipio":"Colón","iddepartamento":"lalibertad","departamento":"La Libertad","row":"2:Colón, La Libertad"},{"cantidad":"1","idmunicipio":"lalibertad","municipio":"La Libertad","iddepartamento":"lalibertad","departamento":"La Libertad","row":"1:La Libertad, La Libertad"},{"cantidad":"16","idmunicipio":"quezaltepeque","municipio":"Quezaltepeque","iddepartamento":"lalibertad","departamento":"La Libertad","row":"16:Quezaltepeque, La Libertad"},{"cantidad":"4","idmunicipio":"sanjuanopico","municipio":"San Juan Opico","iddepartamento":"lalibertad","departamento":"La Libertad","row":"4:San Juan Opico, La Libertad"},{"cantidad":"6","idmunicipio":"sanpablotacachico","municipio":"San Pablo Tacachico","iddepartamento":"lalibertad","departamento":"La Libertad","row":"6:San Pablo Tacachico, La Libertad"},{"cantidad":"22","idmunicipio":"santatecla","municipio":"Santa Tecla","iddepartamento":"lalibertad","departamento":"La Libertad","row":"22:Santa Tecla, La Libertad"},{"cantidad":"12","idmunicipio":"apopa","municipio":"Apopa","iddepartamento":"sansalvador","departamento":"San Salvador","row":"12:Apopa, San Salvador"},{"cantidad":"2","idmunicipio":"ayutuxtepeque","municipio":"Ayutuxtepeque","iddepartamento":"sansalvador","departamento":"San Salvador","row":"2:Ayutuxtepeque, San Salvador"},{"cantidad":"5","idmunicipio":"cuscatancingo","municipio":"Cuscatancingo","iddepartamento":"sansalvador","departamento":"San Salvador","row":"5:Cuscatancingo, San Salvador"},{"cantidad":"9","idmunicipio":"ciudaddelgado","municipio":"Ciudad Delgado","iddepartamento":"sansalvador","departamento":"San Salvador","row":"9:Ciudad Delgado, San Salvador"},{"cantidad":"3","idmunicipio":"guazapa","municipio":"Guazapa","iddepartamento":"sansalvador","departamento":"San Salvador","row":"3:Guazapa, San Salvador"},{"cantidad":"3","idmunicipio":"ilopango","municipio":"Ilopango","iddepartamento":"sansalvador","departamento":"San Salvador","row":"3:Ilopango, San Salvador"},{"cantidad":"18","idmunicipio":"mejicanos","municipio":"Mejicanos","iddepartamento":"sansalvador","departamento":"San Salvador","row":"18:Mejicanos, San Salvador"},{"cantidad":"48","idmunicipio":"nejapa","municipio":"Nejapa","iddepartamento":"sansalvador","departamento":"San Salvador","row":"48:Nejapa, San Salvador"},{"cantidad":"1","idmunicipio":"panchimalco","municipio":"Panchimalco","iddepartamento":"sansalvador","departamento":"San Salvador","row":"1:Panchimalco, San Salvador"},{"cantidad":"1","idmunicipio":"sanmarcos","municipio":"San Marcos","iddepartamento":"sansalvador","departamento":"San Salvador","row":"1:San Marcos, San Salvador"},{"cantidad":"4","idmunicipio":"sanmartin","municipio":"San Martín","iddepartamento":"sansalvador","departamento":"San Salvador","row":"4:San Martín, San Salvador"},{"cantidad":"41","idmunicipio":"sansalvador","municipio":"San Salvador","iddepartamento":"sansalvador","departamento":"San Salvador","row":"41:San Salvador, San Salvador"},{"cantidad":"3","idmunicipio":"santotomas","municipio":"Santo Tomás","iddepartamento":"sansalvador","departamento":"San Salvador","row":"3:Santo Tomás, San Salvador"},{"cantidad":"23","idmunicipio":"soyapango","municipio":"Soyapango","iddepartamento":"sansalvador","departamento":"San Salvador","row":"23:Soyapango, San Salvador"},{"cantidad":"1","idmunicipio":"tonacatepeque","municipio":"Tonacatepeque","iddepartamento":"sansalvador","departamento":"San Salvador","row":"1:Tonacatepeque, San Salvador"},{"cantidad":"2","idmunicipio":"cojutepeque","municipio":"Cojutepeque","iddepartamento":"cuscatlan","departamento":"Cuscatlán","row":"2:Cojutepeque, Cuscatlán"},{"cantidad":"1","idmunicipio":"montesanjuan","municipio":"Monte San Juan","iddepartamento":"cuscatlan","departamento":"Cuscatlán","row":"1:Monte San Juan, Cuscatlán"},{"cantidad":"2","idmunicipio":"suchitoto","municipio":"Suchitoto","iddepartamento":"cuscatlan","departamento":"Cuscatlán","row":"2:Suchitoto, Cuscatlán"},{"cantidad":"1","idmunicipio":"tenancingo","municipio":"Tenancingo","iddepartamento":"cuscatlan","departamento":"Cuscatlán","row":"1:Tenancingo, Cuscatlán"},{"cantidad":"1","idmunicipio":"zacatecoluca","municipio":"Zacatecoluca","iddepartamento":"lapaz","departamento":"La Paz","row":"1:Zacatecoluca, La Paz"},{"cantidad":"5","idmunicipio":"ilobasco","municipio":"Ilobasco","iddepartamento":"cabanas","departamento":"Cabañas","row":"5:Ilobasco, Cabañas"},{"cantidad":"1","idmunicipio":"sanestebancatarina","municipio":"San Esteban Catarina","iddepartamento":"sanvicente","departamento":"San Vicente","row":"1:San Esteban Catarina, San Vicente"},{"cantidad":"1","idmunicipio":"tecapan","municipio":"Tecapán","iddepartamento":"usulutan","departamento":"Usulután","row":"1:Tecapán, Usulután"},{"cantidad":"4","idmunicipio":"chinameca","municipio":"Chinameca","iddepartamento":"sanmiguel","departamento":"San Miguel","row":"4:Chinameca, San Miguel"},{"cantidad":"4","idmunicipio":"ciudadbarrios","municipio":"Ciudad Barrios","iddepartamento":"sanmiguel","departamento":"San Miguel","row":"4:Ciudad Barrios, San Miguel"},{"cantidad":"1","idmunicipio":"sanjorge","municipio":"San Jorge","iddepartamento":"sanmiguel","departamento":"San Miguel","row":"1:San Jorge, San Miguel"},{"cantidad":"27","idmunicipio":"sanmiguel","municipio":"San Miguel","iddepartamento":"sanmiguel","departamento":"San Miguel","row":"27:San Miguel, San Miguel"}]