[{"cantidad":"2","idmunicipio":"ahuachapan","municipio":"Ahuachapán","iddepartamento":"ahuachapan","departamento":"Ahuachapán","row":"2:Ahuachapán, Ahuachapán"},{"cantidad":"1","idmunicipio":"guaymango","municipio":"Guaymango","iddepartamento":"ahuachapan","departamento":"Ahuachapán","row":"1:Guaymango, Ahuachapán"},{"cantidad":"1","idmunicipio":"elrefugio","municipio":"El Refugio","iddepartamento":"ahuachapan","departamento":"Ahuachapán","row":"1:El Refugio, Ahuachapán"},{"cantidad":"1","idmunicipio":"sensuntepeque","municipio":"Sensuntepeque","iddepartamento":"cabanas","departamento":"Cabañas","row":"1:Sensuntepeque, Cabañas"},{"cantidad":"1","idmunicipio":"ilobasco","municipio":"Ilobasco","iddepartamento":"cabanas","departamento":"Cabañas","row":"1:Ilobasco, Cabañas"},{"cantidad":"1","idmunicipio":"tejutepeque","municipio":"Tejutepeque","iddepartamento":"cabanas","departamento":"Cabañas","row":"1:Tejutepeque, Cabañas"},{"cantidad":"1","idmunicipio":"dulcenombredemaria","municipio":"Dulce Nombre de María","iddepartamento":"chalatenango","departamento":"Chalatenango","row":"1:Dulce Nombre de María, Chalatenango"},{"cantidad":"1","idmunicipio":"suchitoto","municipio":"Suchitoto","iddepartamento":"cuscatlan","departamento":"Cuscatlán","row":"1:Suchitoto, Cuscatlán"},{"cantidad":"1","idmunicipio":"candelaria","municipio":"Candelaria","iddepartamento":"cuscatlan","departamento":"Cuscatlán","row":"1:Candelaria, Cuscatlán"},{"cantidad":"1","idmunicipio":"elcarmen","municipio":"El Carmen","iddepartamento":"cuscatlan","departamento":"Cuscatlán","row":"1:El Carmen, Cuscatlán"},{"cantidad":"1","idmunicipio":"sancristobal","municipio":"San Cristóbal","iddepartamento":"cuscatlan","departamento":"Cuscatlán","row":"1:San Cristóbal, Cuscatlán"},{"cantidad":"1","idmunicipio":"elrosario","municipio":"El Rosario","iddepartamento":"cuscatlan","departamento":"Cuscatlán","row":"1:El Rosario, Cuscatlán"},{"cantidad":"2","idmunicipio":"santatecla","municipio":"Santa Tecla","iddepartamento":"lalibertad","departamento":"La Libertad","row":"2:Santa Tecla, La Libertad"},{"cantidad":"2","idmunicipio":"quezaltepeque","municipio":"Quezaltepeque","iddepartamento":"lalibertad","departamento":"La Libertad","row":"2:Quezaltepeque, La Libertad"},{"cantidad":"1","idmunicipio":"ciudadarce","municipio":"Ciudad Arce","iddepartamento":"lalibertad","departamento":"La Libertad","row":"1:Ciudad Arce, La Libertad"},{"cantidad":"1","idmunicipio":"sanjuanopico","municipio":"San Juan Opico","iddepartamento":"lalibertad","departamento":"La Libertad","row":"1:San Juan Opico, La Libertad"},{"cantidad":"1","idmunicipio":"colon","municipio":"Colón","iddepartamento":"lalibertad","departamento":"La Libertad","row":"1:Colón, La Libertad"},{"cantidad":"1","idmunicipio":"chiltiupan","municipio":"Chiltiupán","iddepartamento":"lalibertad","departamento":"La Libertad","row":"1:Chiltiupán, La Libertad"},{"cantidad":"1","idmunicipio":"nuevocuscatlan","municipio":"Nuevo Cuscatlán","iddepartamento":"lalibertad","departamento":"La Libertad","row":"1:Nuevo Cuscatlán, La Libertad"},{"cantidad":"1","idmunicipio":"zacatecoluca","municipio":"Zacatecoluca","iddepartamento":"lapaz","departamento":"La Paz","row":"1:Zacatecoluca, La Paz"},{"cantidad":"1","idmunicipio":"santiagononualco","municipio":"Santiago Nonualco","iddepartamento":"lapaz","departamento":"La Paz","row":"1:Santiago Nonualco, La Paz"},{"cantidad":"1","idmunicipio":"sanjuannonualco","municipio":"San Juan Nonualco","iddepartamento":"lapaz","departamento":"La Paz","row":"1:San Juan Nonualco, La Paz"},{"cantidad":"5","idmunicipio":"sansalvador","municipio":"San Salvador","iddepartamento":"sansalvador","departamento":"San Salvador","row":"5:San Salvador, San Salvador"},{"cantidad":"3","idmunicipio":"ciudaddelgado","municipio":"Ciudad Delgado","iddepartamento":"sansalvador","departamento":"San Salvador","row":"3:Ciudad Delgado, San Salvador"},{"cantidad":"4","idmunicipio":"mejicanos","municipio":"Mejicanos","iddepartamento":"sansalvador","departamento":"San Salvador","row":"4:Mejicanos, San Salvador"},{"cantidad":"4","idmunicipio":"soyapango","municipio":"Soyapango","iddepartamento":"sansalvador","departamento":"San Salvador","row":"4:Soyapango, San Salvador"},{"cantidad":"1","idmunicipio":"cuscatancingo","municipio":"Cuscatancingo","iddepartamento":"sansalvador","departamento":"San Salvador","row":"1:Cuscatancingo, San Salvador"},{"cantidad":"1","idmunicipio":"sanmarcos","municipio":"San Marcos","iddepartamento":"sansalvador","departamento":"San Salvador","row":"1:San Marcos, San Salvador"},{"cantidad":"1","idmunicipio":"ilopango","municipio":"Ilopango","iddepartamento":"sansalvador","departamento":"San Salvador","row":"1:Ilopango, San Salvador"},{"cantidad":"1","idmunicipio":"apopa","municipio":"Apopa","iddepartamento":"sansalvador","departamento":"San Salvador","row":"1:Apopa, San Salvador"},{"cantidad":"2","idmunicipio":"sanmartin","municipio":"San Martín","iddepartamento":"sansalvador","departamento":"San Salvador","row":"2:San Martín, San Salvador"},{"cantidad":"2","idmunicipio":"panchimalco","municipio":"Panchimalco","iddepartamento":"sansalvador","departamento":"San Salvador","row":"2:Panchimalco, San Salvador"},{"cantidad":"1","idmunicipio":"tonacatepeque","municipio":"Tonacatepeque","iddepartamento":"sansalvador","departamento":"San Salvador","row":"1:Tonacatepeque, San Salvador"},{"cantidad":"1","idmunicipio":"santotomas","municipio":"Santo Tomás","iddepartamento":"sansalvador","departamento":"San Salvador","row":"1:Santo Tomás, San Salvador"},{"cantidad":"1","idmunicipio":"santiagotexacuangos","municipio":"Santiago Texacuangos","iddepartamento":"sansalvador","departamento":"San Salvador","row":"1:Santiago Texacuangos, San Salvador"},{"cantidad":"1","idmunicipio":"elpaisnal","municipio":"El Paisnal","iddepartamento":"sansalvador","departamento":"San Salvador","row":"1:El Paisnal, San Salvador"},{"cantidad":"1","idmunicipio":"guazapa","municipio":"Guazapa","iddepartamento":"sansalvador","departamento":"San Salvador","row":"1:Guazapa, San Salvador"},{"cantidad":"1","idmunicipio":"ayutuxtepeque","municipio":"Ayutuxtepeque","iddepartamento":"sansalvador","departamento":"San Salvador","row":"1:Ayutuxtepeque, San Salvador"},{"cantidad":"1","idmunicipio":"apastepeque","municipio":"Apastepeque","iddepartamento":"sanvicente","departamento":"San Vicente","row":"1:Apastepeque, San Vicente"},{"cantidad":"1","idmunicipio":"verapaz","municipio":"Verapaz","iddepartamento":"sanvicente","departamento":"San Vicente","row":"1:Verapaz, San Vicente"},{"cantidad":"1","idmunicipio":"guadalupe","municipio":"Guadalupe","iddepartamento":"sanvicente","departamento":"San Vicente","row":"1:Guadalupe, San Vicente"},{"cantidad":"2","idmunicipio":"santaana","municipio":"Santa Ana","iddepartamento":"santaana","departamento":"Santa Ana","row":"2:Santa Ana, Santa Ana"},{"cantidad":"2","idmunicipio":"chalchuapa","municipio":"Chalchuapa","iddepartamento":"santaana","departamento":"Santa Ana","row":"2:Chalchuapa, Santa Ana"},{"cantidad":"1","idmunicipio":"metapan","municipio":"Metapán","iddepartamento":"santaana","departamento":"Santa Ana","row":"1:Metapán, Santa Ana"},{"cantidad":"1","idmunicipio":"elcongo","municipio":"El Congo","iddepartamento":"santaana","departamento":"Santa Ana","row":"1:El Congo, Santa Ana"},{"cantidad":"1","idmunicipio":"sansebastiansalitrillo","municipio":"San Sebastián Salitrillo","iddepartamento":"santaana","departamento":"Santa Ana","row":"1:San Sebastián Salitrillo, Santa Ana"},{"cantidad":"1","idmunicipio":"sonsonate","municipio":"Sonsonate","iddepartamento":"sonsonate","departamento":"Sonsonate","row":"1:Sonsonate, Sonsonate"},{"cantidad":"1","idmunicipio":"nahuizalco","municipio":"Nahuizalco","iddepartamento":"sonsonate","departamento":"Sonsonate","row":"1:Nahuizalco, Sonsonate"},{"cantidad":"1","idmunicipio":"juayua","municipio":"Juayúa","iddepartamento":"sonsonate","departamento":"Sonsonate","row":"1:Juayúa, Sonsonate"},{"cantidad":"1","idmunicipio":"santodomingodeguzman","municipio":"Santo Domingo de Guzmán","iddepartamento":"sonsonate","departamento":"Sonsonate","row":"1:Santo Domingo de Guzmán, Sonsonate"}]