[{"cantidad":"1","idmunicipio":"ahuachapan","municipio":"Ahuachapán","iddepartamento":"ahuachapan","departamento":"Ahuachapán","row":"1:Ahuachapán, Ahuachapán"},{"cantidad":"1","idmunicipio":"apaneca","municipio":"Apaneca","iddepartamento":"ahuachapan","departamento":"Ahuachapán","row":"1:Apaneca, Ahuachapán"},{"cantidad":"4","idmunicipio":"sanfranciscomenendez","municipio":"San Francisco Menéndez","iddepartamento":"ahuachapan","departamento":"Ahuachapán","row":"4:San Francisco Menéndez, Ahuachapán"},{"cantidad":"1","idmunicipio":"sanpedropuxtla","municipio":"San Pedro Puxtla","iddepartamento":"ahuachapan","departamento":"Ahuachapán","row":"1:San Pedro Puxtla, Ahuachapán"},{"cantidad":"1","idmunicipio":"tacuba","municipio":"Tacuba","iddepartamento":"ahuachapan","departamento":"Ahuachapán","row":"1:Tacuba, Ahuachapán"},{"cantidad":"1","idmunicipio":"turin","municipio":"Turín","iddepartamento":"ahuachapan","departamento":"Ahuachapán","row":"1:Turín, Ahuachapán"},{"cantidad":"1","idmunicipio":"candelariadelafrontera","municipio":"Candelaria de la Frontera","iddepartamento":"santaana","departamento":"Santa Ana","row":"1:Candelaria de la Frontera, Santa Ana"},{"cantidad":"5","idmunicipio":"chalchuapa","municipio":"Chalchuapa","iddepartamento":"santaana","departamento":"Santa Ana","row":"5:Chalchuapa, Santa Ana"},{"cantidad":"1","idmunicipio":"coatepeque","municipio":"Coatepeque","iddepartamento":"santaana","departamento":"Santa Ana","row":"1:Coatepeque, Santa Ana"},{"cantidad":"2","idmunicipio":"metapan","municipio":"Metapán","iddepartamento":"santaana","departamento":"Santa Ana","row":"2:Metapán, Santa Ana"},{"cantidad":"2","idmunicipio":"sansebastiansalitrillo","municipio":"San Sebastián Salitrillo","iddepartamento":"santaana","departamento":"Santa Ana","row":"2:San Sebastián Salitrillo, Santa Ana"},{"cantidad":"14","idmunicipio":"santaana","municipio":"Santa Ana","iddepartamento":"santaana","departamento":"Santa Ana","row":"14:Santa Ana, Santa Ana"},{"cantidad":"1","idmunicipio":"acajutla","municipio":"Acajutla","iddepartamento":"sonsonate","departamento":"Sonsonate","row":"1:Acajutla, Sonsonate"},{"cantidad":"2","idmunicipio":"armenia","municipio":"Armenia","iddepartamento":"sonsonate","departamento":"Sonsonate","row":"2:Armenia, Sonsonate"},{"cantidad":"1","idmunicipio":"caluco","municipio":"Caluco","iddepartamento":"sonsonate","departamento":"Sonsonate","row":"1:Caluco, Sonsonate"},{"cantidad":"1","idmunicipio":"izalco","municipio":"Izalco","iddepartamento":"sonsonate","departamento":"Sonsonate","row":"1:Izalco, Sonsonate"},{"cantidad":"1","idmunicipio":"juayua","municipio":"Juayúa","iddepartamento":"sonsonate","departamento":"Sonsonate","row":"1:Juayúa, Sonsonate"},{"cantidad":"2","idmunicipio":"nahuizalco","municipio":"Nahuizalco","iddepartamento":"sonsonate","departamento":"Sonsonate","row":"2:Nahuizalco, Sonsonate"},{"cantidad":"2","idmunicipio":"sanantoniodelmonte","municipio":"San Antonio del Monte","iddepartamento":"sonsonate","departamento":"Sonsonate","row":"2:San Antonio del Monte, Sonsonate"},{"cantidad":"1","idmunicipio":"sanjulian","municipio":"San Julián","iddepartamento":"sonsonate","departamento":"Sonsonate","row":"1:San Julián, Sonsonate"},{"cantidad":"1","idmunicipio":"santacatarinamasahuat","municipio":"Santa Catarina Masahuat","iddepartamento":"sonsonate","departamento":"Sonsonate","row":"1:Santa Catarina Masahuat, Sonsonate"},{"cantidad":"9","idmunicipio":"sonsonate","municipio":"Sonsonate","iddepartamento":"sonsonate","departamento":"Sonsonate","row":"9:Sonsonate, Sonsonate"},{"cantidad":"1","idmunicipio":"chalatenango","municipio":"Chalatenango","iddepartamento":"chalatenango","departamento":"Chalatenango","row":"1:Chalatenango, Chalatenango"},{"cantidad":"2","idmunicipio":"citala","municipio":"Citalá","iddepartamento":"chalatenango","departamento":"Chalatenango","row":"2:Citalá, Chalatenango"},{"cantidad":"1","idmunicipio":"dulcenombredemaria","municipio":"Dulce Nombre de María","iddepartamento":"chalatenango","departamento":"Chalatenango","row":"1:Dulce Nombre de María, Chalatenango"},{"cantidad":"2","idmunicipio":"elparaiso","municipio":"El Paraíso","iddepartamento":"chalatenango","departamento":"Chalatenango","row":"2:El Paraíso, Chalatenango"},{"cantidad":"3","idmunicipio":"antiguocuscatlan","municipio":"Antiguo Cuscatlán","iddepartamento":"lalibertad","departamento":"La Libertad","row":"3:Antiguo Cuscatlán, La Libertad"},{"cantidad":"5","idmunicipio":"colon","municipio":"Colón","iddepartamento":"lalibertad","departamento":"La Libertad","row":"5:Colón, La Libertad"},{"cantidad":"1","idmunicipio":"jicalapa","municipio":"Jicalapa","iddepartamento":"lalibertad","departamento":"La Libertad","row":"1:Jicalapa, La Libertad"},{"cantidad":"2","idmunicipio":"quezaltepeque","municipio":"Quezaltepeque","iddepartamento":"lalibertad","departamento":"La Libertad","row":"2:Quezaltepeque, La Libertad"},{"cantidad":"1","idmunicipio":"sanjosevillanueva","municipio":"San José Villanueva","iddepartamento":"lalibertad","departamento":"La Libertad","row":"1:San José Villanueva, La Libertad"},{"cantidad":"20","idmunicipio":"santatecla","municipio":"Santa Tecla","iddepartamento":"lalibertad","departamento":"La Libertad","row":"20:Santa Tecla, La Libertad"},{"cantidad":"1","idmunicipio":"zaragoza","municipio":"Zaragoza","iddepartamento":"lalibertad","departamento":"La Libertad","row":"1:Zaragoza, La Libertad"},{"cantidad":"1","idmunicipio":"apopa","municipio":"Apopa","iddepartamento":"sansalvador","departamento":"San Salvador","row":"1:Apopa, San Salvador"},{"cantidad":"1","idmunicipio":"ayutuxtepeque","municipio":"Ayutuxtepeque","iddepartamento":"sansalvador","departamento":"San Salvador","row":"1:Ayutuxtepeque, San Salvador"},{"cantidad":"1","idmunicipio":"cuscatancingo","municipio":"Cuscatancingo","iddepartamento":"sansalvador","departamento":"San Salvador","row":"1:Cuscatancingo, San Salvador"},{"cantidad":"1","idmunicipio":"ciudaddelgado","municipio":"Ciudad Delgado","iddepartamento":"sansalvador","departamento":"San Salvador","row":"1:Ciudad Delgado, San Salvador"},{"cantidad":"1","idmunicipio":"guazapa","municipio":"Guazapa","iddepartamento":"sansalvador","departamento":"San Salvador","row":"1:Guazapa, San Salvador"},{"cantidad":"3","idmunicipio":"ilopango","municipio":"Ilopango","iddepartamento":"sansalvador","departamento":"San Salvador","row":"3:Ilopango, San Salvador"},{"cantidad":"12","idmunicipio":"mejicanos","municipio":"Mejicanos","iddepartamento":"sansalvador","departamento":"San Salvador","row":"12:Mejicanos, San Salvador"},{"cantidad":"1","idmunicipio":"panchimalco","municipio":"Panchimalco","iddepartamento":"sansalvador","departamento":"San Salvador","row":"1:Panchimalco, San Salvador"},{"cantidad":"4","idmunicipio":"sanmartin","municipio":"San Martín","iddepartamento":"sansalvador","departamento":"San Salvador","row":"4:San Martín, San Salvador"},{"cantidad":"26","idmunicipio":"sansalvador","municipio":"San Salvador","iddepartamento":"sansalvador","departamento":"San Salvador","row":"26:San Salvador, San Salvador"},{"cantidad":"4","idmunicipio":"santiagotexacuangos","municipio":"Santiago Texacuangos","iddepartamento":"sansalvador","departamento":"San Salvador","row":"4:Santiago Texacuangos, San Salvador"},{"cantidad":"1","idmunicipio":"santotomas","municipio":"Santo Tomás","iddepartamento":"sansalvador","departamento":"San Salvador","row":"1:Santo Tomás, San Salvador"},{"cantidad":"20","idmunicipio":"soyapango","municipio":"Soyapango","iddepartamento":"sansalvador","departamento":"San Salvador","row":"20:Soyapango, San Salvador"},{"cantidad":"1","idmunicipio":"tonacatepeque","municipio":"Tonacatepeque","iddepartamento":"sansalvador","departamento":"San Salvador","row":"1:Tonacatepeque, San Salvador"},{"cantidad":"3","idmunicipio":"cojutepeque","municipio":"Cojutepeque","iddepartamento":"cuscatlan","departamento":"Cuscatlán","row":"3:Cojutepeque, Cuscatlán"},{"cantidad":"2","idmunicipio":"montesanjuan","municipio":"Monte San Juan","iddepartamento":"cuscatlan","departamento":"Cuscatlán","row":"2:Monte San Juan, Cuscatlán"},{"cantidad":"1","idmunicipio":"sancristobal","municipio":"San Cristóbal","iddepartamento":"cuscatlan","departamento":"Cuscatlán","row":"1:San Cristóbal, Cuscatlán"},{"cantidad":"2","idmunicipio":"sanpedroperulapan","municipio":"San Pedro Perulapán","iddepartamento":"cuscatlan","departamento":"Cuscatlán","row":"2:San Pedro Perulapán, Cuscatlán"},{"cantidad":"3","idmunicipio":"suchitoto","municipio":"Suchitoto","iddepartamento":"cuscatlan","departamento":"Cuscatlán","row":"3:Suchitoto, Cuscatlán"},{"cantidad":"1","idmunicipio":"cuyultitan","municipio":"Cuyultitán","iddepartamento":"lapaz","departamento":"La Paz","row":"1:Cuyultitán, La Paz"},{"cantidad":"1","idmunicipio":"elrosario","municipio":"El Rosario","iddepartamento":"lapaz","departamento":"La Paz","row":"1:El Rosario, La Paz"},{"cantidad":"1","idmunicipio":"sanfranciscochinameca","municipio":"San Francisco Chinameca","iddepartamento":"lapaz","departamento":"La Paz","row":"1:San Francisco Chinameca, La Paz"},{"cantidad":"1","idmunicipio":"sanjuantalpa","municipio":"San Juan Talpa","iddepartamento":"lapaz","departamento":"La Paz","row":"1:San Juan Talpa, La Paz"},{"cantidad":"2","idmunicipio":"sanpedrononualco","municipio":"San Pedro Nonualco","iddepartamento":"lapaz","departamento":"La Paz","row":"2:San Pedro Nonualco, La Paz"},{"cantidad":"1","idmunicipio":"zacatecoluca","municipio":"Zacatecoluca","iddepartamento":"lapaz","departamento":"La Paz","row":"1:Zacatecoluca, La Paz"},{"cantidad":"1","idmunicipio":"ilobasco","municipio":"Ilobasco","iddepartamento":"cabanas","departamento":"Cabañas","row":"1:Ilobasco, Cabañas"},{"cantidad":"1","idmunicipio":"sanvicente","municipio":"San Vicente","iddepartamento":"sanvicente","departamento":"San Vicente","row":"1:San Vicente, San Vicente"},{"cantidad":"1","idmunicipio":"tecoluca","municipio":"Tecoluca","iddepartamento":"sanvicente","departamento":"San Vicente","row":"1:Tecoluca, San Vicente"},{"cantidad":"1","idmunicipio":"concepcionbatres","municipio":"Concepción Batres","iddepartamento":"usulutan","departamento":"Usulután","row":"1:Concepción Batres, Usulután"},{"cantidad":"1","idmunicipio":"jucuapa","municipio":"Jucuapa","iddepartamento":"usulutan","departamento":"Usulután","row":"1:Jucuapa, Usulután"},{"cantidad":"1","idmunicipio":"puertoeltriunfo","municipio":"Puerto El Triunfo","iddepartamento":"usulutan","departamento":"Usulután","row":"1:Puerto El Triunfo, Usulután"},{"cantidad":"1","idmunicipio":"sanfranciscojavier","municipio":"San Francisco Javier","iddepartamento":"usulutan","departamento":"Usulután","row":"1:San Francisco Javier, Usulután"},{"cantidad":"1","idmunicipio":"santiagodemaria","municipio":"Santiago de María","iddepartamento":"usulutan","departamento":"Usulután","row":"1:Santiago de María, Usulután"},{"cantidad":"1","idmunicipio":"usulutan","municipio":"Usulután","iddepartamento":"usulutan","departamento":"Usulután","row":"1:Usulután, Usulután"},{"cantidad":"1","idmunicipio":"eltransito","municipio":"El Tránsito","iddepartamento":"sanmiguel","departamento":"San Miguel","row":"1:El Tránsito, San Miguel"},{"cantidad":"1","idmunicipio":"quelepa","municipio":"Quelepa","iddepartamento":"sanmiguel","departamento":"San Miguel","row":"1:Quelepa, San Miguel"},{"cantidad":"29","idmunicipio":"sanmiguel","municipio":"San Miguel","iddepartamento":"sanmiguel","departamento":"San Miguel","row":"29:San Miguel, San Miguel"},{"cantidad":"4","idmunicipio":"chilanga","municipio":"Chilanga","iddepartamento":"morazan","departamento":"Morazán","row":"4:Chilanga, Morazán"},{"cantidad":"4","idmunicipio":"sanfranciscogotera","municipio":"San Francisco Gotera","iddepartamento":"morazan","departamento":"Morazán","row":"4:San Francisco Gotera, Morazán"},{"cantidad":"3","idmunicipio":"conchagua","municipio":"Conchagua","iddepartamento":"launion","departamento":"La Unión","row":"3:Conchagua, La Unión"},{"cantidad":"4","idmunicipio":"launion","municipio":"La Unión","iddepartamento":"launion","departamento":"La Unión","row":"4:La Unión, La Unión"},{"cantidad":"2","idmunicipio":"pasaquina","municipio":"Pasaquina","iddepartamento":"launion","departamento":"La Unión","row":"2:Pasaquina, La Unión"},{"cantidad":"3","idmunicipio":"santarosadelima","municipio":"Santa Rosa de Lima","iddepartamento":"launion","departamento":"La Unión","row":"3:Santa Rosa de Lima, La Unión"}]