[{"cantidad":"1","idmunicipio":"atiquizaya","municipio":"Atiquizaya","iddepartamento":"ahuachapan","departamento":"Ahuachapán","row":"1:Atiquizaya, Ahuachapán"},{"cantidad":"2","idmunicipio":"tacuba","municipio":"Tacuba","iddepartamento":"ahuachapan","departamento":"Ahuachapán","row":"2:Tacuba, Ahuachapán"},{"cantidad":"2","idmunicipio":"ilobasco","municipio":"Ilobasco","iddepartamento":"cabanas","departamento":"Cabañas","row":"2:Ilobasco, Cabañas"},{"cantidad":"1","idmunicipio":"candelaria","municipio":"Candelaria","iddepartamento":"cuscatlan","departamento":"Cuscatlán","row":"1:Candelaria, Cuscatlán"},{"cantidad":"3","idmunicipio":"santatecla","municipio":"Santa Tecla","iddepartamento":"lalibertad","departamento":"La Libertad","row":"3:Santa Tecla, La Libertad"},{"cantidad":"1","idmunicipio":"santiagononualco","municipio":"Santiago Nonualco","iddepartamento":"lapaz","departamento":"La Paz","row":"1:Santiago Nonualco, La Paz"},{"cantidad":"2","idmunicipio":"sanfranciscochinameca","municipio":"San Francisco Chinameca","iddepartamento":"lapaz","departamento":"La Paz","row":"2:San Francisco Chinameca, La Paz"},{"cantidad":"1","idmunicipio":"santamariaostuma","municipio":"Santa María Ostuma","iddepartamento":"lapaz","departamento":"La Paz","row":"1:Santa María Ostuma, La Paz"},{"cantidad":"1","idmunicipio":"sanluislaherradura","municipio":"San Luis La Herradura","iddepartamento":"lapaz","departamento":"La Paz","row":"1:San Luis La Herradura, La Paz"},{"cantidad":"2","idmunicipio":"sanmiguel","municipio":"San Miguel","iddepartamento":"sanmiguel","departamento":"San Miguel","row":"2:San Miguel, San Miguel"},{"cantidad":"3","idmunicipio":"chinameca","municipio":"Chinameca","iddepartamento":"sanmiguel","departamento":"San Miguel","row":"3:Chinameca, San Miguel"},{"cantidad":"14","idmunicipio":"sansalvador","municipio":"San Salvador","iddepartamento":"sansalvador","departamento":"San Salvador","row":"14:San Salvador, San Salvador"},{"cantidad":"2","idmunicipio":"ciudaddelgado","municipio":"Ciudad Delgado","iddepartamento":"sansalvador","departamento":"San Salvador","row":"2:Ciudad Delgado, San Salvador"},{"cantidad":"4","idmunicipio":"mejicanos","municipio":"Mejicanos","iddepartamento":"sansalvador","departamento":"San Salvador","row":"4:Mejicanos, San Salvador"},{"cantidad":"10","idmunicipio":"soyapango","municipio":"Soyapango","iddepartamento":"sansalvador","departamento":"San Salvador","row":"10:Soyapango, San Salvador"},{"cantidad":"1","idmunicipio":"cuscatancingo","municipio":"Cuscatancingo","iddepartamento":"sansalvador","departamento":"San Salvador","row":"1:Cuscatancingo, San Salvador"},{"cantidad":"1","idmunicipio":"sanmarcos","municipio":"San Marcos","iddepartamento":"sansalvador","departamento":"San Salvador","row":"1:San Marcos, San Salvador"},{"cantidad":"3","idmunicipio":"ilopango","municipio":"Ilopango","iddepartamento":"sansalvador","departamento":"San Salvador","row":"3:Ilopango, San Salvador"},{"cantidad":"4","idmunicipio":"apopa","municipio":"Apopa","iddepartamento":"sansalvador","departamento":"San Salvador","row":"4:Apopa, San Salvador"},{"cantidad":"1","idmunicipio":"sanmartin","municipio":"San Martín","iddepartamento":"sansalvador","departamento":"San Salvador","row":"1:San Martín, San Salvador"},{"cantidad":"1","idmunicipio":"panchimalco","municipio":"Panchimalco","iddepartamento":"sansalvador","departamento":"San Salvador","row":"1:Panchimalco, San Salvador"},{"cantidad":"1","idmunicipio":"tonacatepeque","municipio":"Tonacatepeque","iddepartamento":"sansalvador","departamento":"San Salvador","row":"1:Tonacatepeque, San Salvador"},{"cantidad":"1","idmunicipio":"santotomas","municipio":"Santo Tomás","iddepartamento":"sansalvador","departamento":"San Salvador","row":"1:Santo Tomás, San Salvador"},{"cantidad":"1","idmunicipio":"sanlorenzo","municipio":"San Lorenzo","iddepartamento":"sanvicente","departamento":"San Vicente","row":"1:San Lorenzo, San Vicente"},{"cantidad":"3","idmunicipio":"santaana","municipio":"Santa Ana","iddepartamento":"santaana","departamento":"Santa Ana","row":"3:Santa Ana, Santa Ana"},{"cantidad":"1","idmunicipio":"chalchuapa","municipio":"Chalchuapa","iddepartamento":"santaana","departamento":"Santa Ana","row":"1:Chalchuapa, Santa Ana"},{"cantidad":"1","idmunicipio":"metapan","municipio":"Metapán","iddepartamento":"santaana","departamento":"Santa Ana","row":"1:Metapán, Santa Ana"},{"cantidad":"1","idmunicipio":"coatepeque","municipio":"Coatepeque","iddepartamento":"santaana","departamento":"Santa Ana","row":"1:Coatepeque, Santa Ana"},{"cantidad":"1","idmunicipio":"sonsonate","municipio":"Sonsonate","iddepartamento":"sonsonate","departamento":"Sonsonate","row":"1:Sonsonate, Sonsonate"},{"cantidad":"2","idmunicipio":"nahuizalco","municipio":"Nahuizalco","iddepartamento":"sonsonate","departamento":"Sonsonate","row":"2:Nahuizalco, Sonsonate"},{"cantidad":"1","idmunicipio":"juayua","municipio":"Juayúa","iddepartamento":"sonsonate","departamento":"Sonsonate","row":"1:Juayúa, Sonsonate"},{"cantidad":"1","idmunicipio":"sanantoniodelmonte","municipio":"San Antonio del Monte","iddepartamento":"sonsonate","departamento":"Sonsonate","row":"1:San Antonio del Monte, Sonsonate"},{"cantidad":"1","idmunicipio":"usulutan","municipio":"Usulután","iddepartamento":"usulutan","departamento":"Usulután","row":"1:Usulután, Usulután"}]