[{"cantidad":"1","idmunicipio":"tacuba","municipio":"Tacuba","iddepartamento":"ahuachapan","departamento":"Ahuachapán","row":"1:Tacuba, Ahuachapán"},{"cantidad":"2","idmunicipio":"coatepeque","municipio":"Coatepeque","iddepartamento":"santaana","departamento":"Santa Ana","row":"2:Coatepeque, Santa Ana"},{"cantidad":"4","idmunicipio":"santaana","municipio":"Santa Ana","iddepartamento":"santaana","departamento":"Santa Ana","row":"4:Santa Ana, Santa Ana"},{"cantidad":"1","idmunicipio":"arcatao","municipio":"Arcatao","iddepartamento":"chalatenango","departamento":"Chalatenango","row":"1:Arcatao, Chalatenango"},{"cantidad":"16","idmunicipio":"antiguocuscatlan","municipio":"Antiguo Cuscatlán","iddepartamento":"lalibertad","departamento":"La Libertad","row":"16:Antiguo Cuscatlán, La Libertad"},{"cantidad":"1","idmunicipio":"ciudadarce","municipio":"Ciudad Arce","iddepartamento":"lalibertad","departamento":"La Libertad","row":"1:Ciudad Arce, La Libertad"},{"cantidad":"5","idmunicipio":"colon","municipio":"Colón","iddepartamento":"lalibertad","departamento":"La Libertad","row":"5:Colón, La Libertad"},{"cantidad":"1","idmunicipio":"quezaltepeque","municipio":"Quezaltepeque","iddepartamento":"lalibertad","departamento":"La Libertad","row":"1:Quezaltepeque, La Libertad"},{"cantidad":"2","idmunicipio":"sanjuanopico","municipio":"San Juan Opico","iddepartamento":"lalibertad","departamento":"La Libertad","row":"2:San Juan Opico, La Libertad"},{"cantidad":"14","idmunicipio":"santatecla","municipio":"Santa Tecla","iddepartamento":"lalibertad","departamento":"La Libertad","row":"14:Santa Tecla, La Libertad"},{"cantidad":"1","idmunicipio":"talnique","municipio":"Talnique","iddepartamento":"lalibertad","departamento":"La Libertad","row":"1:Talnique, La Libertad"},{"cantidad":"1","idmunicipio":"aguilares","municipio":"Aguilares","iddepartamento":"sansalvador","departamento":"San Salvador","row":"1:Aguilares, San Salvador"},{"cantidad":"5","idmunicipio":"apopa","municipio":"Apopa","iddepartamento":"sansalvador","departamento":"San Salvador","row":"5:Apopa, San Salvador"},{"cantidad":"1","idmunicipio":"cuscatancingo","municipio":"Cuscatancingo","iddepartamento":"sansalvador","departamento":"San Salvador","row":"1:Cuscatancingo, San Salvador"},{"cantidad":"1","idmunicipio":"ciudaddelgado","municipio":"Ciudad Delgado","iddepartamento":"sansalvador","departamento":"San Salvador","row":"1:Ciudad Delgado, San Salvador"},{"cantidad":"102","idmunicipio":"ilopango","municipio":"Ilopango","iddepartamento":"sansalvador","departamento":"San Salvador","row":"102:Ilopango, San Salvador"},{"cantidad":"8","idmunicipio":"mejicanos","municipio":"Mejicanos","iddepartamento":"sansalvador","departamento":"San Salvador","row":"8:Mejicanos, San Salvador"},{"cantidad":"2","idmunicipio":"nejapa","municipio":"Nejapa","iddepartamento":"sansalvador","departamento":"San Salvador","row":"2:Nejapa, San Salvador"},{"cantidad":"2","idmunicipio":"sanmarcos","municipio":"San Marcos","iddepartamento":"sansalvador","departamento":"San Salvador","row":"2:San Marcos, San Salvador"},{"cantidad":"11","idmunicipio":"sanmartin","municipio":"San Martín","iddepartamento":"sansalvador","departamento":"San Salvador","row":"11:San Martín, San Salvador"},{"cantidad":"53","idmunicipio":"sansalvador","municipio":"San Salvador","iddepartamento":"sansalvador","departamento":"San Salvador","row":"53:San Salvador, San Salvador"},{"cantidad":"4","idmunicipio":"santiagotexacuangos","municipio":"Santiago Texacuangos","iddepartamento":"sansalvador","departamento":"San Salvador","row":"4:Santiago Texacuangos, San Salvador"},{"cantidad":"31","idmunicipio":"soyapango","municipio":"Soyapango","iddepartamento":"sansalvador","departamento":"San Salvador","row":"31:Soyapango, San Salvador"},{"cantidad":"4","idmunicipio":"tonacatepeque","municipio":"Tonacatepeque","iddepartamento":"sansalvador","departamento":"San Salvador","row":"4:Tonacatepeque, San Salvador"},{"cantidad":"3","idmunicipio":"cojutepeque","municipio":"Cojutepeque","iddepartamento":"cuscatlan","departamento":"Cuscatlán","row":"3:Cojutepeque, Cuscatlán"},{"cantidad":"1","idmunicipio":"sanjoseguayabal","municipio":"San José Guayabal","iddepartamento":"cuscatlan","departamento":"Cuscatlán","row":"1:San José Guayabal, Cuscatlán"},{"cantidad":"1","idmunicipio":"sanpedroperulapan","municipio":"San Pedro Perulapán","iddepartamento":"cuscatlan","departamento":"Cuscatlán","row":"1:San Pedro Perulapán, Cuscatlán"},{"cantidad":"3","idmunicipio":"santacruzmichapa","municipio":"Santa Cruz Michapa","iddepartamento":"cuscatlan","departamento":"Cuscatlán","row":"3:Santa Cruz Michapa, Cuscatlán"},{"cantidad":"1","idmunicipio":"zacatecoluca","municipio":"Zacatecoluca","iddepartamento":"lapaz","departamento":"La Paz","row":"1:Zacatecoluca, La Paz"},{"cantidad":"1","idmunicipio":"santodomingo","municipio":"Santo Domingo","iddepartamento":"sanvicente","departamento":"San Vicente","row":"1:Santo Domingo, San Vicente"},{"cantidad":"6","idmunicipio":"usulutan","municipio":"Usulután","iddepartamento":"usulutan","departamento":"Usulután","row":"6:Usulután, Usulután"},{"cantidad":"28","idmunicipio":"sanmiguel","municipio":"San Miguel","iddepartamento":"sanmiguel","departamento":"San Miguel","row":"28:San Miguel, San Miguel"}]