[{"cantidad":"16","idmunicipio":"ahuachapan","municipio":"Ahuachapán","iddepartamento":"ahuachapan","departamento":"Ahuachapán","row":"16:Ahuachapán, Ahuachapán"},{"cantidad":"3","idmunicipio":"atiquizaya","municipio":"Atiquizaya","iddepartamento":"ahuachapan","departamento":"Ahuachapán","row":"3:Atiquizaya, Ahuachapán"},{"cantidad":"1","idmunicipio":"concepciondeataco","municipio":"Concepción de Ataco","iddepartamento":"ahuachapan","departamento":"Ahuachapán","row":"1:Concepción de Ataco, Ahuachapán"},{"cantidad":"2","idmunicipio":"elrefugio","municipio":"El Refugio","iddepartamento":"ahuachapan","departamento":"Ahuachapán","row":"2:El Refugio, Ahuachapán"},{"cantidad":"1","idmunicipio":"sanlorenzo","municipio":"San Lorenzo","iddepartamento":"ahuachapan","departamento":"Ahuachapán","row":"1:San Lorenzo, Ahuachapán"},{"cantidad":"2","idmunicipio":"tacuba","municipio":"Tacuba","iddepartamento":"ahuachapan","departamento":"Ahuachapán","row":"2:Tacuba, Ahuachapán"},{"cantidad":"3","idmunicipio":"turin","municipio":"Turín","iddepartamento":"ahuachapan","departamento":"Ahuachapán","row":"3:Turín, Ahuachapán"},{"cantidad":"1","idmunicipio":"candelariadelafrontera","municipio":"Candelaria de la Frontera","iddepartamento":"santaana","departamento":"Santa Ana","row":"1:Candelaria de la Frontera, Santa Ana"},{"cantidad":"8","idmunicipio":"chalchuapa","municipio":"Chalchuapa","iddepartamento":"santaana","departamento":"Santa Ana","row":"8:Chalchuapa, Santa Ana"},{"cantidad":"1","idmunicipio":"coatepeque","municipio":"Coatepeque","iddepartamento":"santaana","departamento":"Santa Ana","row":"1:Coatepeque, Santa Ana"},{"cantidad":"1","idmunicipio":"elcongo","municipio":"El Congo","iddepartamento":"santaana","departamento":"Santa Ana","row":"1:El Congo, Santa Ana"},{"cantidad":"1","idmunicipio":"metapan","municipio":"Metapán","iddepartamento":"santaana","departamento":"Santa Ana","row":"1:Metapán, Santa Ana"},{"cantidad":"1","idmunicipio":"sansebastiansalitrillo","municipio":"San Sebastián Salitrillo","iddepartamento":"santaana","departamento":"Santa Ana","row":"1:San Sebastián Salitrillo, Santa Ana"},{"cantidad":"28","idmunicipio":"santaana","municipio":"Santa Ana","iddepartamento":"santaana","departamento":"Santa Ana","row":"28:Santa Ana, Santa Ana"},{"cantidad":"3","idmunicipio":"armenia","municipio":"Armenia","iddepartamento":"sonsonate","departamento":"Sonsonate","row":"3:Armenia, Sonsonate"},{"cantidad":"3","idmunicipio":"izalco","municipio":"Izalco","iddepartamento":"sonsonate","departamento":"Sonsonate","row":"3:Izalco, Sonsonate"},{"cantidad":"1","idmunicipio":"juayua","municipio":"Juayúa","iddepartamento":"sonsonate","departamento":"Sonsonate","row":"1:Juayúa, Sonsonate"},{"cantidad":"1","idmunicipio":"nahuizalco","municipio":"Nahuizalco","iddepartamento":"sonsonate","departamento":"Sonsonate","row":"1:Nahuizalco, Sonsonate"},{"cantidad":"1","idmunicipio":"nahuilingo","municipio":"Nahuilingo","iddepartamento":"sonsonate","departamento":"Sonsonate","row":"1:Nahuilingo, Sonsonate"},{"cantidad":"2","idmunicipio":"sanantoniodelmonte","municipio":"San Antonio del Monte","iddepartamento":"sonsonate","departamento":"Sonsonate","row":"2:San Antonio del Monte, Sonsonate"},{"cantidad":"1","idmunicipio":"sanjulian","municipio":"San Julián","iddepartamento":"sonsonate","departamento":"Sonsonate","row":"1:San Julián, Sonsonate"},{"cantidad":"7","idmunicipio":"sonsonate","municipio":"Sonsonate","iddepartamento":"sonsonate","departamento":"Sonsonate","row":"7:Sonsonate, Sonsonate"},{"cantidad":"7","idmunicipio":"sonzacate","municipio":"Sonzacate","iddepartamento":"sonsonate","departamento":"Sonsonate","row":"7:Sonzacate, Sonsonate"},{"cantidad":"1","idmunicipio":"chalatenango","municipio":"Chalatenango","iddepartamento":"chalatenango","departamento":"Chalatenango","row":"1:Chalatenango, Chalatenango"},{"cantidad":"1","idmunicipio":"citala","municipio":"Citalá","iddepartamento":"chalatenango","departamento":"Chalatenango","row":"1:Citalá, Chalatenango"},{"cantidad":"1","idmunicipio":"elparaiso","municipio":"El Paraíso","iddepartamento":"chalatenango","departamento":"Chalatenango","row":"1:El Paraíso, Chalatenango"},{"cantidad":"2","idmunicipio":"nuevaconcepcion","municipio":"Nueva Concepción","iddepartamento":"chalatenango","departamento":"Chalatenango","row":"2:Nueva Concepción, Chalatenango"},{"cantidad":"1","idmunicipio":"sanignacio","municipio":"San Ignacio","iddepartamento":"chalatenango","departamento":"Chalatenango","row":"1:San Ignacio, Chalatenango"},{"cantidad":"2","idmunicipio":"antiguocuscatlan","municipio":"Antiguo Cuscatlán","iddepartamento":"lalibertad","departamento":"La Libertad","row":"2:Antiguo Cuscatlán, La Libertad"},{"cantidad":"2","idmunicipio":"ciudadarce","municipio":"Ciudad Arce","iddepartamento":"lalibertad","departamento":"La Libertad","row":"2:Ciudad Arce, La Libertad"},{"cantidad":"10","idmunicipio":"colon","municipio":"Colón","iddepartamento":"lalibertad","departamento":"La Libertad","row":"10:Colón, La Libertad"},{"cantidad":"1","idmunicipio":"comasagua","municipio":"Comasagua","iddepartamento":"lalibertad","departamento":"La Libertad","row":"1:Comasagua, La Libertad"},{"cantidad":"3","idmunicipio":"lalibertad","municipio":"La Libertad","iddepartamento":"lalibertad","departamento":"La Libertad","row":"3:La Libertad, La Libertad"},{"cantidad":"1","idmunicipio":"nuevocuscatlan","municipio":"Nuevo Cuscatlán","iddepartamento":"lalibertad","departamento":"La Libertad","row":"1:Nuevo Cuscatlán, La Libertad"},{"cantidad":"2","idmunicipio":"quezaltepeque","municipio":"Quezaltepeque","iddepartamento":"lalibertad","departamento":"La Libertad","row":"2:Quezaltepeque, La Libertad"},{"cantidad":"3","idmunicipio":"sanjosevillanueva","municipio":"San José Villanueva","iddepartamento":"lalibertad","departamento":"La Libertad","row":"3:San José Villanueva, La Libertad"},{"cantidad":"4","idmunicipio":"sanjuanopico","municipio":"San Juan Opico","iddepartamento":"lalibertad","departamento":"La Libertad","row":"4:San Juan Opico, La Libertad"},{"cantidad":"15","idmunicipio":"santatecla","municipio":"Santa Tecla","iddepartamento":"lalibertad","departamento":"La Libertad","row":"15:Santa Tecla, La Libertad"},{"cantidad":"4","idmunicipio":"zaragoza","municipio":"Zaragoza","iddepartamento":"lalibertad","departamento":"La Libertad","row":"4:Zaragoza, La Libertad"},{"cantidad":"2","idmunicipio":"aguilares","municipio":"Aguilares","iddepartamento":"sansalvador","departamento":"San Salvador","row":"2:Aguilares, San Salvador"},{"cantidad":"7","idmunicipio":"apopa","municipio":"Apopa","iddepartamento":"sansalvador","departamento":"San Salvador","row":"7:Apopa, San Salvador"},{"cantidad":"1","idmunicipio":"ayutuxtepeque","municipio":"Ayutuxtepeque","iddepartamento":"sansalvador","departamento":"San Salvador","row":"1:Ayutuxtepeque, San Salvador"},{"cantidad":"1","idmunicipio":"cuscatancingo","municipio":"Cuscatancingo","iddepartamento":"sansalvador","departamento":"San Salvador","row":"1:Cuscatancingo, San Salvador"},{"cantidad":"3","idmunicipio":"ciudaddelgado","municipio":"Ciudad Delgado","iddepartamento":"sansalvador","departamento":"San Salvador","row":"3:Ciudad Delgado, San Salvador"},{"cantidad":"3","idmunicipio":"guazapa","municipio":"Guazapa","iddepartamento":"sansalvador","departamento":"San Salvador","row":"3:Guazapa, San Salvador"},{"cantidad":"1","idmunicipio":"ilopango","municipio":"Ilopango","iddepartamento":"sansalvador","departamento":"San Salvador","row":"1:Ilopango, San Salvador"},{"cantidad":"6","idmunicipio":"mejicanos","municipio":"Mejicanos","iddepartamento":"sansalvador","departamento":"San Salvador","row":"6:Mejicanos, San Salvador"},{"cantidad":"1","idmunicipio":"nejapa","municipio":"Nejapa","iddepartamento":"sansalvador","departamento":"San Salvador","row":"1:Nejapa, San Salvador"},{"cantidad":"2","idmunicipio":"panchimalco","municipio":"Panchimalco","iddepartamento":"sansalvador","departamento":"San Salvador","row":"2:Panchimalco, San Salvador"},{"cantidad":"3","idmunicipio":"sanmarcos","municipio":"San Marcos","iddepartamento":"sansalvador","departamento":"San Salvador","row":"3:San Marcos, San Salvador"},{"cantidad":"6","idmunicipio":"sanmartin","municipio":"San Martín","iddepartamento":"sansalvador","departamento":"San Salvador","row":"6:San Martín, San Salvador"},{"cantidad":"16","idmunicipio":"sansalvador","municipio":"San Salvador","iddepartamento":"sansalvador","departamento":"San Salvador","row":"16:San Salvador, San Salvador"},{"cantidad":"1","idmunicipio":"santiagotexacuangos","municipio":"Santiago Texacuangos","iddepartamento":"sansalvador","departamento":"San Salvador","row":"1:Santiago Texacuangos, San Salvador"},{"cantidad":"21","idmunicipio":"soyapango","municipio":"Soyapango","iddepartamento":"sansalvador","departamento":"San Salvador","row":"21:Soyapango, San Salvador"},{"cantidad":"4","idmunicipio":"tonacatepeque","municipio":"Tonacatepeque","iddepartamento":"sansalvador","departamento":"San Salvador","row":"4:Tonacatepeque, San Salvador"},{"cantidad":"2","idmunicipio":"cojutepeque","municipio":"Cojutepeque","iddepartamento":"cuscatlan","departamento":"Cuscatlán","row":"2:Cojutepeque, Cuscatlán"},{"cantidad":"1","idmunicipio":"sanbartolomeperulapia","municipio":"San Bartolomé Perulapía","iddepartamento":"cuscatlan","departamento":"Cuscatlán","row":"1:San Bartolomé Perulapía, Cuscatlán"},{"cantidad":"1","idmunicipio":"sancristobal","municipio":"San Cristóbal","iddepartamento":"cuscatlan","departamento":"Cuscatlán","row":"1:San Cristóbal, Cuscatlán"},{"cantidad":"1","idmunicipio":"sanrafaelcedros","municipio":"San Rafael Cedros","iddepartamento":"cuscatlan","departamento":"Cuscatlán","row":"1:San Rafael Cedros, Cuscatlán"},{"cantidad":"1","idmunicipio":"santacruzmichapa","municipio":"Santa Cruz Michapa","iddepartamento":"cuscatlan","departamento":"Cuscatlán","row":"1:Santa Cruz Michapa, Cuscatlán"},{"cantidad":"1","idmunicipio":"suchitoto","municipio":"Suchitoto","iddepartamento":"cuscatlan","departamento":"Cuscatlán","row":"1:Suchitoto, Cuscatlán"},{"cantidad":"1","idmunicipio":"jerusalen","municipio":"Jerusalén","iddepartamento":"lapaz","departamento":"La Paz","row":"1:Jerusalén, La Paz"},{"cantidad":"1","idmunicipio":"olocuilta","municipio":"Olocuilta","iddepartamento":"lapaz","departamento":"La Paz","row":"1:Olocuilta, La Paz"},{"cantidad":"1","idmunicipio":"sanfranciscochinameca","municipio":"San Francisco Chinameca","iddepartamento":"lapaz","departamento":"La Paz","row":"1:San Francisco Chinameca, La Paz"},{"cantidad":"2","idmunicipio":"santiagononualco","municipio":"Santiago Nonualco","iddepartamento":"lapaz","departamento":"La Paz","row":"2:Santiago Nonualco, La Paz"},{"cantidad":"3","idmunicipio":"zacatecoluca","municipio":"Zacatecoluca","iddepartamento":"lapaz","departamento":"La Paz","row":"3:Zacatecoluca, La Paz"},{"cantidad":"1","idmunicipio":"ilobasco","municipio":"Ilobasco","iddepartamento":"cabanas","departamento":"Cabañas","row":"1:Ilobasco, Cabañas"},{"cantidad":"1","idmunicipio":"victoria","municipio":"Victoria","iddepartamento":"cabanas","departamento":"Cabañas","row":"1:Victoria, Cabañas"},{"cantidad":"3","idmunicipio":"apastepeque","municipio":"Apastepeque","iddepartamento":"sanvicente","departamento":"San Vicente","row":"3:Apastepeque, San Vicente"},{"cantidad":"2","idmunicipio":"guadalupe","municipio":"Guadalupe","iddepartamento":"sanvicente","departamento":"San Vicente","row":"2:Guadalupe, San Vicente"},{"cantidad":"2","idmunicipio":"sancayetanoistepeque","municipio":"San Cayetano Istepeque","iddepartamento":"sanvicente","departamento":"San Vicente","row":"2:San Cayetano Istepeque, San Vicente"},{"cantidad":"2","idmunicipio":"sansebastian","municipio":"San Sebastián","iddepartamento":"sanvicente","departamento":"San Vicente","row":"2:San Sebastián, San Vicente"},{"cantidad":"7","idmunicipio":"sanvicente","municipio":"San Vicente","iddepartamento":"sanvicente","departamento":"San Vicente","row":"7:San Vicente, San Vicente"},{"cantidad":"2","idmunicipio":"tecoluca","municipio":"Tecoluca","iddepartamento":"sanvicente","departamento":"San Vicente","row":"2:Tecoluca, San Vicente"},{"cantidad":"1","idmunicipio":"verapaz","municipio":"Verapaz","iddepartamento":"sanvicente","departamento":"San Vicente","row":"1:Verapaz, San Vicente"},{"cantidad":"1","idmunicipio":"concepcionbatres","municipio":"Concepción Batres","iddepartamento":"usulutan","departamento":"Usulután","row":"1:Concepción Batres, Usulután"},{"cantidad":"2","idmunicipio":"jiquilisco","municipio":"Jiquilisco","iddepartamento":"usulutan","departamento":"Usulután","row":"2:Jiquilisco, Usulután"},{"cantidad":"1","idmunicipio":"puertoeltriunfo","municipio":"Puerto El Triunfo","iddepartamento":"usulutan","departamento":"Usulután","row":"1:Puerto El Triunfo, Usulután"},{"cantidad":"2","idmunicipio":"santaelena","municipio":"Santa Elena","iddepartamento":"usulutan","departamento":"Usulután","row":"2:Santa Elena, Usulután"},{"cantidad":"3","idmunicipio":"santiagodemaria","municipio":"Santiago de María","iddepartamento":"usulutan","departamento":"Usulután","row":"3:Santiago de María, Usulután"},{"cantidad":"7","idmunicipio":"usulutan","municipio":"Usulután","iddepartamento":"usulutan","departamento":"Usulután","row":"7:Usulután, Usulután"},{"cantidad":"1","idmunicipio":"ciudadbarrios","municipio":"Ciudad Barrios","iddepartamento":"sanmiguel","departamento":"San Miguel","row":"1:Ciudad Barrios, San Miguel"},{"cantidad":"1","idmunicipio":"lolotique","municipio":"Lolotique","iddepartamento":"sanmiguel","departamento":"San Miguel","row":"1:Lolotique, San Miguel"},{"cantidad":"2","idmunicipio":"moncagua","municipio":"Moncagua","iddepartamento":"sanmiguel","departamento":"San Miguel","row":"2:Moncagua, San Miguel"},{"cantidad":"1","idmunicipio":"quelepa","municipio":"Quelepa","iddepartamento":"sanmiguel","departamento":"San Miguel","row":"1:Quelepa, San Miguel"},{"cantidad":"31","idmunicipio":"sanmiguel","municipio":"San Miguel","iddepartamento":"sanmiguel","departamento":"San Miguel","row":"31:San Miguel, San Miguel"},{"cantidad":"1","idmunicipio":"sanrafaeloriente","municipio":"San Rafael Oriente","iddepartamento":"sanmiguel","departamento":"San Miguel","row":"1:San Rafael Oriente, San Miguel"},{"cantidad":"3","idmunicipio":"sesori","municipio":"Sesori","iddepartamento":"sanmiguel","departamento":"San Miguel","row":"3:Sesori, San Miguel"},{"cantidad":"1","idmunicipio":"cacaopera","municipio":"Cacaopera","iddepartamento":"morazan","departamento":"Morazán","row":"1:Cacaopera, Morazán"},{"cantidad":"1","idmunicipio":"guatajiagua","municipio":"Guatajiagua","iddepartamento":"morazan","departamento":"Morazán","row":"1:Guatajiagua, Morazán"},{"cantidad":"3","idmunicipio":"sanfranciscogotera","municipio":"San Francisco Gotera","iddepartamento":"morazan","departamento":"Morazán","row":"3:San Francisco Gotera, Morazán"},{"cantidad":"1","idmunicipio":"sanisidro","municipio":"San Isidro","iddepartamento":"morazan","departamento":"Morazán","row":"1:San Isidro, Morazán"},{"cantidad":"1","idmunicipio":"sociedad","municipio":"Sociedad","iddepartamento":"morazan","departamento":"Morazán","row":"1:Sociedad, Morazán"},{"cantidad":"8","idmunicipio":"launion","municipio":"La Unión","iddepartamento":"launion","departamento":"La Unión","row":"8:La Unión, La Unión"},{"cantidad":"1","idmunicipio":"pasaquina","municipio":"Pasaquina","iddepartamento":"launion","departamento":"La Unión","row":"1:Pasaquina, La Unión"},{"cantidad":"4","idmunicipio":"santarosadelima","municipio":"Santa Rosa de Lima","iddepartamento":"launion","departamento":"La Unión","row":"4:Santa Rosa de Lima, La Unión"}]