[{"cantidad":"1","idmunicipio":"ahuachapan","municipio":"Ahuachapán","iddepartamento":"ahuachapan","departamento":"Ahuachapán","row":"1:Ahuachapán, Ahuachapán"},{"cantidad":"1","idmunicipio":"concepciondeataco","municipio":"Concepción de Ataco","iddepartamento":"ahuachapan","departamento":"Ahuachapán","row":"1:Concepción de Ataco, Ahuachapán"},{"cantidad":"1","idmunicipio":"turin","municipio":"Turín","iddepartamento":"ahuachapan","departamento":"Ahuachapán","row":"1:Turín, Ahuachapán"},{"cantidad":"1","idmunicipio":"chalchuapa","municipio":"Chalchuapa","iddepartamento":"santaana","departamento":"Santa Ana","row":"1:Chalchuapa, Santa Ana"},{"cantidad":"2","idmunicipio":"elcongo","municipio":"El Congo","iddepartamento":"santaana","departamento":"Santa Ana","row":"2:El Congo, Santa Ana"},{"cantidad":"1","idmunicipio":"metapan","municipio":"Metapán","iddepartamento":"santaana","departamento":"Santa Ana","row":"1:Metapán, Santa Ana"},{"cantidad":"1","idmunicipio":"sansebastiansalitrillo","municipio":"San Sebastián Salitrillo","iddepartamento":"santaana","departamento":"Santa Ana","row":"1:San Sebastián Salitrillo, Santa Ana"},{"cantidad":"10","idmunicipio":"santaana","municipio":"Santa Ana","iddepartamento":"santaana","departamento":"Santa Ana","row":"10:Santa Ana, Santa Ana"},{"cantidad":"1","idmunicipio":"santarosaguachipilin","municipio":"Santa Rosa Guachipilín","iddepartamento":"santaana","departamento":"Santa Ana","row":"1:Santa Rosa Guachipilín, Santa Ana"},{"cantidad":"1","idmunicipio":"acajutla","municipio":"Acajutla","iddepartamento":"sonsonate","departamento":"Sonsonate","row":"1:Acajutla, Sonsonate"},{"cantidad":"3","idmunicipio":"izalco","municipio":"Izalco","iddepartamento":"sonsonate","departamento":"Sonsonate","row":"3:Izalco, Sonsonate"},{"cantidad":"1","idmunicipio":"nahuizalco","municipio":"Nahuizalco","iddepartamento":"sonsonate","departamento":"Sonsonate","row":"1:Nahuizalco, Sonsonate"},{"cantidad":"2","idmunicipio":"sanantoniodelmonte","municipio":"San Antonio del Monte","iddepartamento":"sonsonate","departamento":"Sonsonate","row":"2:San Antonio del Monte, Sonsonate"},{"cantidad":"1","idmunicipio":"santacatarinamasahuat","municipio":"Santa Catarina Masahuat","iddepartamento":"sonsonate","departamento":"Sonsonate","row":"1:Santa Catarina Masahuat, Sonsonate"},{"cantidad":"3","idmunicipio":"sonsonate","municipio":"Sonsonate","iddepartamento":"sonsonate","departamento":"Sonsonate","row":"3:Sonsonate, Sonsonate"},{"cantidad":"3","idmunicipio":"sonzacate","municipio":"Sonzacate","iddepartamento":"sonsonate","departamento":"Sonsonate","row":"3:Sonzacate, Sonsonate"},{"cantidad":"1","idmunicipio":"aguacaliente","municipio":"Agua Caliente","iddepartamento":"chalatenango","departamento":"Chalatenango","row":"1:Agua Caliente, Chalatenango"},{"cantidad":"6","idmunicipio":"chalatenango","municipio":"Chalatenango","iddepartamento":"chalatenango","departamento":"Chalatenango","row":"6:Chalatenango, Chalatenango"},{"cantidad":"1","idmunicipio":"dulcenombredemaria","municipio":"Dulce Nombre de María","iddepartamento":"chalatenango","departamento":"Chalatenango","row":"1:Dulce Nombre de María, Chalatenango"},{"cantidad":"3","idmunicipio":"elparaiso","municipio":"El Paraíso","iddepartamento":"chalatenango","departamento":"Chalatenango","row":"3:El Paraíso, Chalatenango"},{"cantidad":"1","idmunicipio":"lareina","municipio":"La Reina","iddepartamento":"chalatenango","departamento":"Chalatenango","row":"1:La Reina, Chalatenango"},{"cantidad":"23","idmunicipio":"nuevaconcepcion","municipio":"Nueva Concepción","iddepartamento":"chalatenango","departamento":"Chalatenango","row":"23:Nueva Concepción, Chalatenango"},{"cantidad":"1","idmunicipio":"sanmigueldemercedes","municipio":"San Miguel de Mercedes","iddepartamento":"chalatenango","departamento":"Chalatenango","row":"1:San Miguel de Mercedes, Chalatenango"},{"cantidad":"2","idmunicipio":"tejutla","municipio":"Tejutla","iddepartamento":"chalatenango","departamento":"Chalatenango","row":"2:Tejutla, Chalatenango"},{"cantidad":"3","idmunicipio":"antiguocuscatlan","municipio":"Antiguo Cuscatlán","iddepartamento":"lalibertad","departamento":"La Libertad","row":"3:Antiguo Cuscatlán, La Libertad"},{"cantidad":"1","idmunicipio":"quezaltepeque","municipio":"Quezaltepeque","iddepartamento":"lalibertad","departamento":"La Libertad","row":"1:Quezaltepeque, La Libertad"},{"cantidad":"3","idmunicipio":"sanjosevillanueva","municipio":"San José Villanueva","iddepartamento":"lalibertad","departamento":"La Libertad","row":"3:San José Villanueva, La Libertad"},{"cantidad":"1","idmunicipio":"sanpablotacachico","municipio":"San Pablo Tacachico","iddepartamento":"lalibertad","departamento":"La Libertad","row":"1:San Pablo Tacachico, La Libertad"},{"cantidad":"6","idmunicipio":"santatecla","municipio":"Santa Tecla","iddepartamento":"lalibertad","departamento":"La Libertad","row":"6:Santa Tecla, La Libertad"},{"cantidad":"3","idmunicipio":"apopa","municipio":"Apopa","iddepartamento":"sansalvador","departamento":"San Salvador","row":"3:Apopa, San Salvador"},{"cantidad":"1","idmunicipio":"cuscatancingo","municipio":"Cuscatancingo","iddepartamento":"sansalvador","departamento":"San Salvador","row":"1:Cuscatancingo, San Salvador"},{"cantidad":"2","idmunicipio":"ciudaddelgado","municipio":"Ciudad Delgado","iddepartamento":"sansalvador","departamento":"San Salvador","row":"2:Ciudad Delgado, San Salvador"},{"cantidad":"1","idmunicipio":"elpaisnal","municipio":"El Paisnal","iddepartamento":"sansalvador","departamento":"San Salvador","row":"1:El Paisnal, San Salvador"},{"cantidad":"1","idmunicipio":"guazapa","municipio":"Guazapa","iddepartamento":"sansalvador","departamento":"San Salvador","row":"1:Guazapa, San Salvador"},{"cantidad":"2","idmunicipio":"ilopango","municipio":"Ilopango","iddepartamento":"sansalvador","departamento":"San Salvador","row":"2:Ilopango, San Salvador"},{"cantidad":"8","idmunicipio":"mejicanos","municipio":"Mejicanos","iddepartamento":"sansalvador","departamento":"San Salvador","row":"8:Mejicanos, San Salvador"},{"cantidad":"2","idmunicipio":"sanmartin","municipio":"San Martín","iddepartamento":"sansalvador","departamento":"San Salvador","row":"2:San Martín, San Salvador"},{"cantidad":"21","idmunicipio":"sansalvador","municipio":"San Salvador","iddepartamento":"sansalvador","departamento":"San Salvador","row":"21:San Salvador, San Salvador"},{"cantidad":"1","idmunicipio":"santiagotexacuangos","municipio":"Santiago Texacuangos","iddepartamento":"sansalvador","departamento":"San Salvador","row":"1:Santiago Texacuangos, San Salvador"},{"cantidad":"20","idmunicipio":"soyapango","municipio":"Soyapango","iddepartamento":"sansalvador","departamento":"San Salvador","row":"20:Soyapango, San Salvador"},{"cantidad":"1","idmunicipio":"tonacatepeque","municipio":"Tonacatepeque","iddepartamento":"sansalvador","departamento":"San Salvador","row":"1:Tonacatepeque, San Salvador"},{"cantidad":"1","idmunicipio":"sanpedroperulapan","municipio":"San Pedro Perulapán","iddepartamento":"cuscatlan","departamento":"Cuscatlán","row":"1:San Pedro Perulapán, Cuscatlán"},{"cantidad":"2","idmunicipio":"suchitoto","municipio":"Suchitoto","iddepartamento":"cuscatlan","departamento":"Cuscatlán","row":"2:Suchitoto, Cuscatlán"},{"cantidad":"1","idmunicipio":"elrosario","municipio":"El Rosario","iddepartamento":"lapaz","departamento":"La Paz","row":"1:El Rosario, La Paz"},{"cantidad":"1","idmunicipio":"sanmigueltepezontes","municipio":"San Miguel Tepezontes","iddepartamento":"lapaz","departamento":"La Paz","row":"1:San Miguel Tepezontes, La Paz"},{"cantidad":"3","idmunicipio":"zacatecoluca","municipio":"Zacatecoluca","iddepartamento":"lapaz","departamento":"La Paz","row":"3:Zacatecoluca, La Paz"},{"cantidad":"1","idmunicipio":"ilobasco","municipio":"Ilobasco","iddepartamento":"cabanas","departamento":"Cabañas","row":"1:Ilobasco, Cabañas"},{"cantidad":"1","idmunicipio":"sancayetanoistepeque","municipio":"San Cayetano Istepeque","iddepartamento":"sanvicente","departamento":"San Vicente","row":"1:San Cayetano Istepeque, San Vicente"},{"cantidad":"1","idmunicipio":"sansebastian","municipio":"San Sebastián","iddepartamento":"sanvicente","departamento":"San Vicente","row":"1:San Sebastián, San Vicente"},{"cantidad":"1","idmunicipio":"santodomingo","municipio":"Santo Domingo","iddepartamento":"sanvicente","departamento":"San Vicente","row":"1:Santo Domingo, San Vicente"},{"cantidad":"1","idmunicipio":"berlin","municipio":"Berlín","iddepartamento":"usulutan","departamento":"Usulután","row":"1:Berlín, Usulután"},{"cantidad":"1","idmunicipio":"jiquilisco","municipio":"Jiquilisco","iddepartamento":"usulutan","departamento":"Usulután","row":"1:Jiquilisco, Usulután"},{"cantidad":"1","idmunicipio":"jucuapa","municipio":"Jucuapa","iddepartamento":"usulutan","departamento":"Usulután","row":"1:Jucuapa, Usulután"},{"cantidad":"1","idmunicipio":"mercedesumana","municipio":"Mercedes Umaña","iddepartamento":"usulutan","departamento":"Usulután","row":"1:Mercedes Umaña, Usulután"},{"cantidad":"1","idmunicipio":"sanagustin","municipio":"San Agustín","iddepartamento":"usulutan","departamento":"Usulután","row":"1:San Agustín, Usulután"},{"cantidad":"2","idmunicipio":"santiagodemaria","municipio":"Santiago de María","iddepartamento":"usulutan","departamento":"Usulután","row":"2:Santiago de María, Usulután"},{"cantidad":"1","idmunicipio":"tecapan","municipio":"Tecapán","iddepartamento":"usulutan","departamento":"Usulután","row":"1:Tecapán, Usulután"},{"cantidad":"4","idmunicipio":"usulutan","municipio":"Usulután","iddepartamento":"usulutan","departamento":"Usulután","row":"4:Usulután, Usulután"},{"cantidad":"1","idmunicipio":"ciudadbarrios","municipio":"Ciudad Barrios","iddepartamento":"sanmiguel","departamento":"San Miguel","row":"1:Ciudad Barrios, San Miguel"},{"cantidad":"1","idmunicipio":"eltransito","municipio":"El Tránsito","iddepartamento":"sanmiguel","departamento":"San Miguel","row":"1:El Tránsito, San Miguel"},{"cantidad":"1","idmunicipio":"nuevaguadalupe","municipio":"Nueva Guadalupe","iddepartamento":"sanmiguel","departamento":"San Miguel","row":"1:Nueva Guadalupe, San Miguel"},{"cantidad":"15","idmunicipio":"sanmiguel","municipio":"San Miguel","iddepartamento":"sanmiguel","departamento":"San Miguel","row":"15:San Miguel, San Miguel"},{"cantidad":"3","idmunicipio":"jocoro","municipio":"Jocoro","iddepartamento":"morazan","departamento":"Morazán","row":"3:Jocoro, Morazán"},{"cantidad":"1","idmunicipio":"perquin","municipio":"Perquín","iddepartamento":"morazan","departamento":"Morazán","row":"1:Perquín, Morazán"},{"cantidad":"1","idmunicipio":"sanfranciscogotera","municipio":"San Francisco Gotera","iddepartamento":"morazan","departamento":"Morazán","row":"1:San Francisco Gotera, Morazán"},{"cantidad":"1","idmunicipio":"sansimon","municipio":"San Simón","iddepartamento":"morazan","departamento":"Morazán","row":"1:San Simón, Morazán"},{"cantidad":"1","idmunicipio":"meangueradelgolfo","municipio":"Meanguera del Golfo","iddepartamento":"launion","departamento":"La Unión","row":"1:Meanguera del Golfo, La Unión"},{"cantidad":"1","idmunicipio":"poloros","municipio":"Polorós","iddepartamento":"launion","departamento":"La Unión","row":"1:Polorós, La Unión"},{"cantidad":"2","idmunicipio":"sanalejo","municipio":"San Alejo","iddepartamento":"launion","departamento":"La Unión","row":"2:San Alejo, La Unión"},{"cantidad":"2","idmunicipio":"santarosadelima","municipio":"Santa Rosa de Lima","iddepartamento":"launion","departamento":"La Unión","row":"2:Santa Rosa de Lima, La Unión"}]