[{"cantidad":"5","idmunicipio":"ahuachapan","municipio":"Ahuachapán","iddepartamento":"ahuachapan","departamento":"Ahuachapán","row":"5:Ahuachapán, Ahuachapán"},{"cantidad":"1","idmunicipio":"guaymango","municipio":"Guaymango","iddepartamento":"ahuachapan","departamento":"Ahuachapán","row":"1:Guaymango, Ahuachapán"},{"cantidad":"2","idmunicipio":"chalchuapa","municipio":"Chalchuapa","iddepartamento":"santaana","departamento":"Santa Ana","row":"2:Chalchuapa, Santa Ana"},{"cantidad":"2","idmunicipio":"coatepeque","municipio":"Coatepeque","iddepartamento":"santaana","departamento":"Santa Ana","row":"2:Coatepeque, Santa Ana"},{"cantidad":"5","idmunicipio":"sansebastiansalitrillo","municipio":"San Sebastián Salitrillo","iddepartamento":"santaana","departamento":"Santa Ana","row":"5:San Sebastián Salitrillo, Santa Ana"},{"cantidad":"17","idmunicipio":"santaana","municipio":"Santa Ana","iddepartamento":"santaana","departamento":"Santa Ana","row":"17:Santa Ana, Santa Ana"},{"cantidad":"8","idmunicipio":"acajutla","municipio":"Acajutla","iddepartamento":"sonsonate","departamento":"Sonsonate","row":"8:Acajutla, Sonsonate"},{"cantidad":"1","idmunicipio":"cuisnahuat","municipio":"Cuisnahuat","iddepartamento":"sonsonate","departamento":"Sonsonate","row":"1:Cuisnahuat, Sonsonate"},{"cantidad":"2","idmunicipio":"juayua","municipio":"Juayúa","iddepartamento":"sonsonate","departamento":"Sonsonate","row":"2:Juayúa, Sonsonate"},{"cantidad":"3","idmunicipio":"nahuizalco","municipio":"Nahuizalco","iddepartamento":"sonsonate","departamento":"Sonsonate","row":"3:Nahuizalco, Sonsonate"},{"cantidad":"6","idmunicipio":"santodomingodeguzman","municipio":"Santo Domingo de Guzmán","iddepartamento":"sonsonate","departamento":"Sonsonate","row":"6:Santo Domingo de Guzmán, Sonsonate"},{"cantidad":"2","idmunicipio":"sonsonate","municipio":"Sonsonate","iddepartamento":"sonsonate","departamento":"Sonsonate","row":"2:Sonsonate, Sonsonate"},{"cantidad":"1","idmunicipio":"sonzacate","municipio":"Sonzacate","iddepartamento":"sonsonate","departamento":"Sonsonate","row":"1:Sonzacate, Sonsonate"},{"cantidad":"2","idmunicipio":"chalatenango","municipio":"Chalatenango","iddepartamento":"chalatenango","departamento":"Chalatenango","row":"2:Chalatenango, Chalatenango"},{"cantidad":"2","idmunicipio":"ciudadarce","municipio":"Ciudad Arce","iddepartamento":"lalibertad","departamento":"La Libertad","row":"2:Ciudad Arce, La Libertad"},{"cantidad":"8","idmunicipio":"colon","municipio":"Colón","iddepartamento":"lalibertad","departamento":"La Libertad","row":"8:Colón, La Libertad"},{"cantidad":"1","idmunicipio":"nuevocuscatlan","municipio":"Nuevo Cuscatlán","iddepartamento":"lalibertad","departamento":"La Libertad","row":"1:Nuevo Cuscatlán, La Libertad"},{"cantidad":"2","idmunicipio":"quezaltepeque","municipio":"Quezaltepeque","iddepartamento":"lalibertad","departamento":"La Libertad","row":"2:Quezaltepeque, La Libertad"},{"cantidad":"1","idmunicipio":"sanjuanopico","municipio":"San Juan Opico","iddepartamento":"lalibertad","departamento":"La Libertad","row":"1:San Juan Opico, La Libertad"},{"cantidad":"4","idmunicipio":"santatecla","municipio":"Santa Tecla","iddepartamento":"lalibertad","departamento":"La Libertad","row":"4:Santa Tecla, La Libertad"},{"cantidad":"1","idmunicipio":"zaragoza","municipio":"Zaragoza","iddepartamento":"lalibertad","departamento":"La Libertad","row":"1:Zaragoza, La Libertad"},{"cantidad":"1","idmunicipio":"aguilares","municipio":"Aguilares","iddepartamento":"sansalvador","departamento":"San Salvador","row":"1:Aguilares, San Salvador"},{"cantidad":"1","idmunicipio":"apopa","municipio":"Apopa","iddepartamento":"sansalvador","departamento":"San Salvador","row":"1:Apopa, San Salvador"},{"cantidad":"1","idmunicipio":"ayutuxtepeque","municipio":"Ayutuxtepeque","iddepartamento":"sansalvador","departamento":"San Salvador","row":"1:Ayutuxtepeque, San Salvador"},{"cantidad":"2","idmunicipio":"cuscatancingo","municipio":"Cuscatancingo","iddepartamento":"sansalvador","departamento":"San Salvador","row":"2:Cuscatancingo, San Salvador"},{"cantidad":"7","idmunicipio":"ciudaddelgado","municipio":"Ciudad Delgado","iddepartamento":"sansalvador","departamento":"San Salvador","row":"7:Ciudad Delgado, San Salvador"},{"cantidad":"1","idmunicipio":"ilopango","municipio":"Ilopango","iddepartamento":"sansalvador","departamento":"San Salvador","row":"1:Ilopango, San Salvador"},{"cantidad":"7","idmunicipio":"mejicanos","municipio":"Mejicanos","iddepartamento":"sansalvador","departamento":"San Salvador","row":"7:Mejicanos, San Salvador"},{"cantidad":"4","idmunicipio":"nejapa","municipio":"Nejapa","iddepartamento":"sansalvador","departamento":"San Salvador","row":"4:Nejapa, San Salvador"},{"cantidad":"4","idmunicipio":"sanmarcos","municipio":"San Marcos","iddepartamento":"sansalvador","departamento":"San Salvador","row":"4:San Marcos, San Salvador"},{"cantidad":"4","idmunicipio":"sanmartin","municipio":"San Martín","iddepartamento":"sansalvador","departamento":"San Salvador","row":"4:San Martín, San Salvador"},{"cantidad":"20","idmunicipio":"sansalvador","municipio":"San Salvador","iddepartamento":"sansalvador","departamento":"San Salvador","row":"20:San Salvador, San Salvador"},{"cantidad":"1","idmunicipio":"santiagotexacuangos","municipio":"Santiago Texacuangos","iddepartamento":"sansalvador","departamento":"San Salvador","row":"1:Santiago Texacuangos, San Salvador"},{"cantidad":"1","idmunicipio":"santotomas","municipio":"Santo Tomás","iddepartamento":"sansalvador","departamento":"San Salvador","row":"1:Santo Tomás, San Salvador"},{"cantidad":"14","idmunicipio":"soyapango","municipio":"Soyapango","iddepartamento":"sansalvador","departamento":"San Salvador","row":"14:Soyapango, San Salvador"},{"cantidad":"5","idmunicipio":"tonacatepeque","municipio":"Tonacatepeque","iddepartamento":"sansalvador","departamento":"San Salvador","row":"5:Tonacatepeque, San Salvador"},{"cantidad":"1","idmunicipio":"sancristobal","municipio":"San Cristóbal","iddepartamento":"cuscatlan","departamento":"Cuscatlán","row":"1:San Cristóbal, Cuscatlán"},{"cantidad":"1","idmunicipio":"sanpedroperulapan","municipio":"San Pedro Perulapán","iddepartamento":"cuscatlan","departamento":"Cuscatlán","row":"1:San Pedro Perulapán, Cuscatlán"},{"cantidad":"2","idmunicipio":"sanrafaelcedros","municipio":"San Rafael Cedros","iddepartamento":"cuscatlan","departamento":"Cuscatlán","row":"2:San Rafael Cedros, Cuscatlán"},{"cantidad":"2","idmunicipio":"olocuilta","municipio":"Olocuilta","iddepartamento":"lapaz","departamento":"La Paz","row":"2:Olocuilta, La Paz"},{"cantidad":"2","idmunicipio":"sanjuannonualco","municipio":"San Juan Nonualco","iddepartamento":"lapaz","departamento":"La Paz","row":"2:San Juan Nonualco, La Paz"},{"cantidad":"1","idmunicipio":"santiagononualco","municipio":"Santiago Nonualco","iddepartamento":"lapaz","departamento":"La Paz","row":"1:Santiago Nonualco, La Paz"},{"cantidad":"1","idmunicipio":"zacatecoluca","municipio":"Zacatecoluca","iddepartamento":"lapaz","departamento":"La Paz","row":"1:Zacatecoluca, La Paz"},{"cantidad":"1","idmunicipio":"sensuntepeque","municipio":"Sensuntepeque","iddepartamento":"cabanas","departamento":"Cabañas","row":"1:Sensuntepeque, Cabañas"},{"cantidad":"1","idmunicipio":"sanvicente","municipio":"San Vicente","iddepartamento":"sanvicente","departamento":"San Vicente","row":"1:San Vicente, San Vicente"},{"cantidad":"10","idmunicipio":"tecoluca","municipio":"Tecoluca","iddepartamento":"sanvicente","departamento":"San Vicente","row":"10:Tecoluca, San Vicente"},{"cantidad":"1","idmunicipio":"jiquilisco","municipio":"Jiquilisco","iddepartamento":"usulutan","departamento":"Usulután","row":"1:Jiquilisco, Usulután"},{"cantidad":"1","idmunicipio":"puertoeltriunfo","municipio":"Puerto El Triunfo","iddepartamento":"usulutan","departamento":"Usulután","row":"1:Puerto El Triunfo, Usulután"},{"cantidad":"1","idmunicipio":"santamaria","municipio":"Santa María","iddepartamento":"usulutan","departamento":"Usulután","row":"1:Santa María, Usulután"},{"cantidad":"2","idmunicipio":"usulutan","municipio":"Usulután","iddepartamento":"usulutan","departamento":"Usulután","row":"2:Usulután, Usulután"},{"cantidad":"8","idmunicipio":"sanmiguel","municipio":"San Miguel","iddepartamento":"sanmiguel","departamento":"San Miguel","row":"8:San Miguel, San Miguel"},{"cantidad":"1","idmunicipio":"conchagua","municipio":"Conchagua","iddepartamento":"launion","departamento":"La Unión","row":"1:Conchagua, La Unión"},{"cantidad":"1","idmunicipio":"santarosadelima","municipio":"Santa Rosa de Lima","iddepartamento":"launion","departamento":"La Unión","row":"1:Santa Rosa de Lima, La Unión"}]