[{"cantidad":"2","idmunicipio":"ahuachapan","municipio":"Ahuachapán","iddepartamento":"ahuachapan","departamento":"Ahuachapán","row":"2:Ahuachapán, Ahuachapán"},{"cantidad":"2","idmunicipio":"atiquizaya","municipio":"Atiquizaya","iddepartamento":"ahuachapan","departamento":"Ahuachapán","row":"2:Atiquizaya, Ahuachapán"},{"cantidad":"3","idmunicipio":"elrefugio","municipio":"El Refugio","iddepartamento":"ahuachapan","departamento":"Ahuachapán","row":"3:El Refugio, Ahuachapán"},{"cantidad":"1","idmunicipio":"guaymango","municipio":"Guaymango","iddepartamento":"ahuachapan","departamento":"Ahuachapán","row":"1:Guaymango, Ahuachapán"},{"cantidad":"2","idmunicipio":"tacuba","municipio":"Tacuba","iddepartamento":"ahuachapan","departamento":"Ahuachapán","row":"2:Tacuba, Ahuachapán"},{"cantidad":"1","idmunicipio":"turin","municipio":"Turín","iddepartamento":"ahuachapan","departamento":"Ahuachapán","row":"1:Turín, Ahuachapán"},{"cantidad":"1","idmunicipio":"chalchuapa","municipio":"Chalchuapa","iddepartamento":"santaana","departamento":"Santa Ana","row":"1:Chalchuapa, Santa Ana"},{"cantidad":"1","idmunicipio":"coatepeque","municipio":"Coatepeque","iddepartamento":"santaana","departamento":"Santa Ana","row":"1:Coatepeque, Santa Ana"},{"cantidad":"1","idmunicipio":"elcongo","municipio":"El Congo","iddepartamento":"santaana","departamento":"Santa Ana","row":"1:El Congo, Santa Ana"},{"cantidad":"1","idmunicipio":"sansebastiansalitrillo","municipio":"San Sebastián Salitrillo","iddepartamento":"santaana","departamento":"Santa Ana","row":"1:San Sebastián Salitrillo, Santa Ana"},{"cantidad":"8","idmunicipio":"santaana","municipio":"Santa Ana","iddepartamento":"santaana","departamento":"Santa Ana","row":"8:Santa Ana, Santa Ana"},{"cantidad":"1","idmunicipio":"cuisnahuat","municipio":"Cuisnahuat","iddepartamento":"sonsonate","departamento":"Sonsonate","row":"1:Cuisnahuat, Sonsonate"},{"cantidad":"1","idmunicipio":"izalco","municipio":"Izalco","iddepartamento":"sonsonate","departamento":"Sonsonate","row":"1:Izalco, Sonsonate"},{"cantidad":"3","idmunicipio":"nahuizalco","municipio":"Nahuizalco","iddepartamento":"sonsonate","departamento":"Sonsonate","row":"3:Nahuizalco, Sonsonate"},{"cantidad":"2","idmunicipio":"sanantoniodelmonte","municipio":"San Antonio del Monte","iddepartamento":"sonsonate","departamento":"Sonsonate","row":"2:San Antonio del Monte, Sonsonate"},{"cantidad":"2","idmunicipio":"sanjulian","municipio":"San Julián","iddepartamento":"sonsonate","departamento":"Sonsonate","row":"2:San Julián, Sonsonate"},{"cantidad":"7","idmunicipio":"sonsonate","municipio":"Sonsonate","iddepartamento":"sonsonate","departamento":"Sonsonate","row":"7:Sonsonate, Sonsonate"},{"cantidad":"1","idmunicipio":"elcarrizal","municipio":"El Carrizal","iddepartamento":"chalatenango","departamento":"Chalatenango","row":"1:El Carrizal, Chalatenango"},{"cantidad":"1","idmunicipio":"nuevaconcepcion","municipio":"Nueva Concepción","iddepartamento":"chalatenango","departamento":"Chalatenango","row":"1:Nueva Concepción, Chalatenango"},{"cantidad":"4","idmunicipio":"antiguocuscatlan","municipio":"Antiguo Cuscatlán","iddepartamento":"lalibertad","departamento":"La Libertad","row":"4:Antiguo Cuscatlán, La Libertad"},{"cantidad":"2","idmunicipio":"ciudadarce","municipio":"Ciudad Arce","iddepartamento":"lalibertad","departamento":"La Libertad","row":"2:Ciudad Arce, La Libertad"},{"cantidad":"2","idmunicipio":"colon","municipio":"Colón","iddepartamento":"lalibertad","departamento":"La Libertad","row":"2:Colón, La Libertad"},{"cantidad":"2","idmunicipio":"nuevocuscatlan","municipio":"Nuevo Cuscatlán","iddepartamento":"lalibertad","departamento":"La Libertad","row":"2:Nuevo Cuscatlán, La Libertad"},{"cantidad":"2","idmunicipio":"quezaltepeque","municipio":"Quezaltepeque","iddepartamento":"lalibertad","departamento":"La Libertad","row":"2:Quezaltepeque, La Libertad"},{"cantidad":"1","idmunicipio":"sanjuanopico","municipio":"San Juan Opico","iddepartamento":"lalibertad","departamento":"La Libertad","row":"1:San Juan Opico, La Libertad"},{"cantidad":"1","idmunicipio":"sanmatias","municipio":"San Matías","iddepartamento":"lalibertad","departamento":"La Libertad","row":"1:San Matías, La Libertad"},{"cantidad":"8","idmunicipio":"santatecla","municipio":"Santa Tecla","iddepartamento":"lalibertad","departamento":"La Libertad","row":"8:Santa Tecla, La Libertad"},{"cantidad":"1","idmunicipio":"talnique","municipio":"Talnique","iddepartamento":"lalibertad","departamento":"La Libertad","row":"1:Talnique, La Libertad"},{"cantidad":"2","idmunicipio":"zaragoza","municipio":"Zaragoza","iddepartamento":"lalibertad","departamento":"La Libertad","row":"2:Zaragoza, La Libertad"},{"cantidad":"2","idmunicipio":"apopa","municipio":"Apopa","iddepartamento":"sansalvador","departamento":"San Salvador","row":"2:Apopa, San Salvador"},{"cantidad":"4","idmunicipio":"ayutuxtepeque","municipio":"Ayutuxtepeque","iddepartamento":"sansalvador","departamento":"San Salvador","row":"4:Ayutuxtepeque, San Salvador"},{"cantidad":"1","idmunicipio":"cuscatancingo","municipio":"Cuscatancingo","iddepartamento":"sansalvador","departamento":"San Salvador","row":"1:Cuscatancingo, San Salvador"},{"cantidad":"4","idmunicipio":"ciudaddelgado","municipio":"Ciudad Delgado","iddepartamento":"sansalvador","departamento":"San Salvador","row":"4:Ciudad Delgado, San Salvador"},{"cantidad":"1","idmunicipio":"guazapa","municipio":"Guazapa","iddepartamento":"sansalvador","departamento":"San Salvador","row":"1:Guazapa, San Salvador"},{"cantidad":"8","idmunicipio":"ilopango","municipio":"Ilopango","iddepartamento":"sansalvador","departamento":"San Salvador","row":"8:Ilopango, San Salvador"},{"cantidad":"9","idmunicipio":"mejicanos","municipio":"Mejicanos","iddepartamento":"sansalvador","departamento":"San Salvador","row":"9:Mejicanos, San Salvador"},{"cantidad":"3","idmunicipio":"panchimalco","municipio":"Panchimalco","iddepartamento":"sansalvador","departamento":"San Salvador","row":"3:Panchimalco, San Salvador"},{"cantidad":"6","idmunicipio":"sanmarcos","municipio":"San Marcos","iddepartamento":"sansalvador","departamento":"San Salvador","row":"6:San Marcos, San Salvador"},{"cantidad":"2","idmunicipio":"sanmartin","municipio":"San Martín","iddepartamento":"sansalvador","departamento":"San Salvador","row":"2:San Martín, San Salvador"},{"cantidad":"23","idmunicipio":"sansalvador","municipio":"San Salvador","iddepartamento":"sansalvador","departamento":"San Salvador","row":"23:San Salvador, San Salvador"},{"cantidad":"6","idmunicipio":"soyapango","municipio":"Soyapango","iddepartamento":"sansalvador","departamento":"San Salvador","row":"6:Soyapango, San Salvador"},{"cantidad":"2","idmunicipio":"tonacatepeque","municipio":"Tonacatepeque","iddepartamento":"sansalvador","departamento":"San Salvador","row":"2:Tonacatepeque, San Salvador"},{"cantidad":"1","idmunicipio":"cojutepeque","municipio":"Cojutepeque","iddepartamento":"cuscatlan","departamento":"Cuscatlán","row":"1:Cojutepeque, Cuscatlán"},{"cantidad":"1","idmunicipio":"elcarmen","municipio":"El Carmen","iddepartamento":"cuscatlan","departamento":"Cuscatlán","row":"1:El Carmen, Cuscatlán"},{"cantidad":"1","idmunicipio":"montesanjuan","municipio":"Monte San Juan","iddepartamento":"cuscatlan","departamento":"Cuscatlán","row":"1:Monte San Juan, Cuscatlán"},{"cantidad":"1","idmunicipio":"sanbartolomeperulapia","municipio":"San Bartolomé Perulapía","iddepartamento":"cuscatlan","departamento":"Cuscatlán","row":"1:San Bartolomé Perulapía, Cuscatlán"},{"cantidad":"2","idmunicipio":"sanpedroperulapan","municipio":"San Pedro Perulapán","iddepartamento":"cuscatlan","departamento":"Cuscatlán","row":"2:San Pedro Perulapán, Cuscatlán"},{"cantidad":"2","idmunicipio":"sanrafaelcedros","municipio":"San Rafael Cedros","iddepartamento":"cuscatlan","departamento":"Cuscatlán","row":"2:San Rafael Cedros, Cuscatlán"},{"cantidad":"1","idmunicipio":"santacruzmichapa","municipio":"Santa Cruz Michapa","iddepartamento":"cuscatlan","departamento":"Cuscatlán","row":"1:Santa Cruz Michapa, Cuscatlán"},{"cantidad":"1","idmunicipio":"sanemigdio","municipio":"San Emigdio","iddepartamento":"lapaz","departamento":"La Paz","row":"1:San Emigdio, La Paz"},{"cantidad":"1","idmunicipio":"sanjuantalpa","municipio":"San Juan Talpa","iddepartamento":"lapaz","departamento":"La Paz","row":"1:San Juan Talpa, La Paz"},{"cantidad":"2","idmunicipio":"zacatecoluca","municipio":"Zacatecoluca","iddepartamento":"lapaz","departamento":"La Paz","row":"2:Zacatecoluca, La Paz"},{"cantidad":"1","idmunicipio":"sensuntepeque","municipio":"Sensuntepeque","iddepartamento":"cabanas","departamento":"Cabañas","row":"1:Sensuntepeque, Cabañas"},{"cantidad":"1","idmunicipio":"victoria","municipio":"Victoria","iddepartamento":"cabanas","departamento":"Cabañas","row":"1:Victoria, Cabañas"},{"cantidad":"4","idmunicipio":"sanvicente","municipio":"San Vicente","iddepartamento":"sanvicente","departamento":"San Vicente","row":"4:San Vicente, San Vicente"},{"cantidad":"1","idmunicipio":"jucuapa","municipio":"Jucuapa","iddepartamento":"usulutan","departamento":"Usulután","row":"1:Jucuapa, Usulután"},{"cantidad":"1","idmunicipio":"santaelena","municipio":"Santa Elena","iddepartamento":"usulutan","departamento":"Usulután","row":"1:Santa Elena, Usulután"},{"cantidad":"2","idmunicipio":"usulutan","municipio":"Usulután","iddepartamento":"usulutan","departamento":"Usulután","row":"2:Usulután, Usulután"},{"cantidad":"2","idmunicipio":"chinameca","municipio":"Chinameca","iddepartamento":"sanmiguel","departamento":"San Miguel","row":"2:Chinameca, San Miguel"},{"cantidad":"2","idmunicipio":"lolotique","municipio":"Lolotique","iddepartamento":"sanmiguel","departamento":"San Miguel","row":"2:Lolotique, San Miguel"},{"cantidad":"1","idmunicipio":"moncagua","municipio":"Moncagua","iddepartamento":"sanmiguel","departamento":"San Miguel","row":"1:Moncagua, San Miguel"},{"cantidad":"7","idmunicipio":"sanmiguel","municipio":"San Miguel","iddepartamento":"sanmiguel","departamento":"San Miguel","row":"7:San Miguel, San Miguel"},{"cantidad":"1","idmunicipio":"sanfranciscogotera","municipio":"San Francisco Gotera","iddepartamento":"morazan","departamento":"Morazán","row":"1:San Francisco Gotera, Morazán"},{"cantidad":"1","idmunicipio":"torola","municipio":"Torola","iddepartamento":"morazan","departamento":"Morazán","row":"1:Torola, Morazán"},{"cantidad":"2","idmunicipio":"conchagua","municipio":"Conchagua","iddepartamento":"launion","departamento":"La Unión","row":"2:Conchagua, La Unión"},{"cantidad":"2","idmunicipio":"elcarmen","municipio":"El Carmen","iddepartamento":"launion","departamento":"La Unión","row":"2:El Carmen, La Unión"},{"cantidad":"1","idmunicipio":"launion","municipio":"La Unión","iddepartamento":"launion","departamento":"La Unión","row":"1:La Unión, La Unión"},{"cantidad":"1","idmunicipio":"santarosadelima","municipio":"Santa Rosa de Lima","iddepartamento":"launion","departamento":"La Unión","row":"1:Santa Rosa de Lima, La Unión"},{"cantidad":"1","idmunicipio":"yayantique","municipio":"Yayantique","iddepartamento":"launion","departamento":"La Unión","row":"1:Yayantique, La Unión"}]