[{"cantidad":"5","idmunicipio":"ahuachapan","municipio":"Ahuachapán","iddepartamento":"ahuachapan","departamento":"Ahuachapán","row":"5:Ahuachapán, Ahuachapán"},{"cantidad":"2","idmunicipio":"elrefugio","municipio":"El Refugio","iddepartamento":"ahuachapan","departamento":"Ahuachapán","row":"2:El Refugio, Ahuachapán"},{"cantidad":"1","idmunicipio":"turin","municipio":"Turín","iddepartamento":"ahuachapan","departamento":"Ahuachapán","row":"1:Turín, Ahuachapán"},{"cantidad":"2","idmunicipio":"chalchuapa","municipio":"Chalchuapa","iddepartamento":"santaana","departamento":"Santa Ana","row":"2:Chalchuapa, Santa Ana"},{"cantidad":"1","idmunicipio":"coatepeque","municipio":"Coatepeque","iddepartamento":"santaana","departamento":"Santa Ana","row":"1:Coatepeque, Santa Ana"},{"cantidad":"18","idmunicipio":"elcongo","municipio":"El Congo","iddepartamento":"santaana","departamento":"Santa Ana","row":"18:El Congo, Santa Ana"},{"cantidad":"1","idmunicipio":"metapan","municipio":"Metapán","iddepartamento":"santaana","departamento":"Santa Ana","row":"1:Metapán, Santa Ana"},{"cantidad":"8","idmunicipio":"santaana","municipio":"Santa Ana","iddepartamento":"santaana","departamento":"Santa Ana","row":"8:Santa Ana, Santa Ana"},{"cantidad":"1","idmunicipio":"texistepeque","municipio":"Texistepeque","iddepartamento":"santaana","departamento":"Santa Ana","row":"1:Texistepeque, Santa Ana"},{"cantidad":"1","idmunicipio":"acajutla","municipio":"Acajutla","iddepartamento":"sonsonate","departamento":"Sonsonate","row":"1:Acajutla, Sonsonate"},{"cantidad":"5","idmunicipio":"izalco","municipio":"Izalco","iddepartamento":"sonsonate","departamento":"Sonsonate","row":"5:Izalco, Sonsonate"},{"cantidad":"1","idmunicipio":"sanjulian","municipio":"San Julián","iddepartamento":"sonsonate","departamento":"Sonsonate","row":"1:San Julián, Sonsonate"},{"cantidad":"1","idmunicipio":"sonsonate","municipio":"Sonsonate","iddepartamento":"sonsonate","departamento":"Sonsonate","row":"1:Sonsonate, Sonsonate"},{"cantidad":"1","idmunicipio":"citala","municipio":"Citalá","iddepartamento":"chalatenango","departamento":"Chalatenango","row":"1:Citalá, Chalatenango"},{"cantidad":"2","idmunicipio":"nuevaconcepcion","municipio":"Nueva Concepción","iddepartamento":"chalatenango","departamento":"Chalatenango","row":"2:Nueva Concepción, Chalatenango"},{"cantidad":"1","idmunicipio":"sanignacio","municipio":"San Ignacio","iddepartamento":"chalatenango","departamento":"Chalatenango","row":"1:San Ignacio, Chalatenango"},{"cantidad":"1","idmunicipio":"antiguocuscatlan","municipio":"Antiguo Cuscatlán","iddepartamento":"lalibertad","departamento":"La Libertad","row":"1:Antiguo Cuscatlán, La Libertad"},{"cantidad":"1","idmunicipio":"ciudadarce","municipio":"Ciudad Arce","iddepartamento":"lalibertad","departamento":"La Libertad","row":"1:Ciudad Arce, La Libertad"},{"cantidad":"1","idmunicipio":"colon","municipio":"Colón","iddepartamento":"lalibertad","departamento":"La Libertad","row":"1:Colón, La Libertad"},{"cantidad":"1","idmunicipio":"quezaltepeque","municipio":"Quezaltepeque","iddepartamento":"lalibertad","departamento":"La Libertad","row":"1:Quezaltepeque, La Libertad"},{"cantidad":"1","idmunicipio":"sacacoyo","municipio":"Sacacoyo","iddepartamento":"lalibertad","departamento":"La Libertad","row":"1:Sacacoyo, La Libertad"},{"cantidad":"1","idmunicipio":"sanjuanopico","municipio":"San Juan Opico","iddepartamento":"lalibertad","departamento":"La Libertad","row":"1:San Juan Opico, La Libertad"},{"cantidad":"7","idmunicipio":"santatecla","municipio":"Santa Tecla","iddepartamento":"lalibertad","departamento":"La Libertad","row":"7:Santa Tecla, La Libertad"},{"cantidad":"2","idmunicipio":"apopa","municipio":"Apopa","iddepartamento":"sansalvador","departamento":"San Salvador","row":"2:Apopa, San Salvador"},{"cantidad":"2","idmunicipio":"cuscatancingo","municipio":"Cuscatancingo","iddepartamento":"sansalvador","departamento":"San Salvador","row":"2:Cuscatancingo, San Salvador"},{"cantidad":"1","idmunicipio":"ciudaddelgado","municipio":"Ciudad Delgado","iddepartamento":"sansalvador","departamento":"San Salvador","row":"1:Ciudad Delgado, San Salvador"},{"cantidad":"3","idmunicipio":"ilopango","municipio":"Ilopango","iddepartamento":"sansalvador","departamento":"San Salvador","row":"3:Ilopango, San Salvador"},{"cantidad":"5","idmunicipio":"mejicanos","municipio":"Mejicanos","iddepartamento":"sansalvador","departamento":"San Salvador","row":"5:Mejicanos, San Salvador"},{"cantidad":"1","idmunicipio":"nejapa","municipio":"Nejapa","iddepartamento":"sansalvador","departamento":"San Salvador","row":"1:Nejapa, San Salvador"},{"cantidad":"1","idmunicipio":"panchimalco","municipio":"Panchimalco","iddepartamento":"sansalvador","departamento":"San Salvador","row":"1:Panchimalco, San Salvador"},{"cantidad":"1","idmunicipio":"sanmarcos","municipio":"San Marcos","iddepartamento":"sansalvador","departamento":"San Salvador","row":"1:San Marcos, San Salvador"},{"cantidad":"12","idmunicipio":"sansalvador","municipio":"San Salvador","iddepartamento":"sansalvador","departamento":"San Salvador","row":"12:San Salvador, San Salvador"},{"cantidad":"8","idmunicipio":"soyapango","municipio":"Soyapango","iddepartamento":"sansalvador","departamento":"San Salvador","row":"8:Soyapango, San Salvador"},{"cantidad":"2","idmunicipio":"tonacatepeque","municipio":"Tonacatepeque","iddepartamento":"sansalvador","departamento":"San Salvador","row":"2:Tonacatepeque, San Salvador"},{"cantidad":"2","idmunicipio":"cojutepeque","municipio":"Cojutepeque","iddepartamento":"cuscatlan","departamento":"Cuscatlán","row":"2:Cojutepeque, Cuscatlán"},{"cantidad":"1","idmunicipio":"suchitoto","municipio":"Suchitoto","iddepartamento":"cuscatlan","departamento":"Cuscatlán","row":"1:Suchitoto, Cuscatlán"},{"cantidad":"1","idmunicipio":"olocuilta","municipio":"Olocuilta","iddepartamento":"lapaz","departamento":"La Paz","row":"1:Olocuilta, La Paz"},{"cantidad":"1","idmunicipio":"sanfranciscochinameca","municipio":"San Francisco Chinameca","iddepartamento":"lapaz","departamento":"La Paz","row":"1:San Francisco Chinameca, La Paz"},{"cantidad":"1","idmunicipio":"sanluislaherradura","municipio":"San Luis La Herradura","iddepartamento":"lapaz","departamento":"La Paz","row":"1:San Luis La Herradura, La Paz"},{"cantidad":"1","idmunicipio":"ilobasco","municipio":"Ilobasco","iddepartamento":"cabanas","departamento":"Cabañas","row":"1:Ilobasco, Cabañas"},{"cantidad":"1","idmunicipio":"sanvicente","municipio":"San Vicente","iddepartamento":"sanvicente","departamento":"San Vicente","row":"1:San Vicente, San Vicente"},{"cantidad":"1","idmunicipio":"jiquilisco","municipio":"Jiquilisco","iddepartamento":"usulutan","departamento":"Usulután","row":"1:Jiquilisco, Usulután"},{"cantidad":"1","idmunicipio":"santaelena","municipio":"Santa Elena","iddepartamento":"usulutan","departamento":"Usulután","row":"1:Santa Elena, Usulután"},{"cantidad":"1","idmunicipio":"santiagodemaria","municipio":"Santiago de María","iddepartamento":"usulutan","departamento":"Usulután","row":"1:Santiago de María, Usulután"},{"cantidad":"3","idmunicipio":"usulutan","municipio":"Usulután","iddepartamento":"usulutan","departamento":"Usulután","row":"3:Usulután, Usulután"},{"cantidad":"1","idmunicipio":"carolina","municipio":"Carolina","iddepartamento":"sanmiguel","departamento":"San Miguel","row":"1:Carolina, San Miguel"},{"cantidad":"1","idmunicipio":"ciudadbarrios","municipio":"Ciudad Barrios","iddepartamento":"sanmiguel","departamento":"San Miguel","row":"1:Ciudad Barrios, San Miguel"},{"cantidad":"9","idmunicipio":"sanmiguel","municipio":"San Miguel","iddepartamento":"sanmiguel","departamento":"San Miguel","row":"9:San Miguel, San Miguel"},{"cantidad":"1","idmunicipio":"chilanga","municipio":"Chilanga","iddepartamento":"morazan","departamento":"Morazán","row":"1:Chilanga, Morazán"},{"cantidad":"1","idmunicipio":"sanfranciscogotera","municipio":"San Francisco Gotera","iddepartamento":"morazan","departamento":"Morazán","row":"1:San Francisco Gotera, Morazán"},{"cantidad":"1","idmunicipio":"sansimon","municipio":"San Simón","iddepartamento":"morazan","departamento":"Morazán","row":"1:San Simón, Morazán"},{"cantidad":"1","idmunicipio":"pasaquina","municipio":"Pasaquina","iddepartamento":"launion","departamento":"La Unión","row":"1:Pasaquina, La Unión"}]