[{"cantidad":"2","idmunicipio":"ahuachapan","municipio":"Ahuachapán","iddepartamento":"ahuachapan","departamento":"Ahuachapán","row":"2:Ahuachapán, Ahuachapán"},{"cantidad":"1","idmunicipio":"sanlorenzo","municipio":"San Lorenzo","iddepartamento":"ahuachapan","departamento":"Ahuachapán","row":"1:San Lorenzo, Ahuachapán"},{"cantidad":"1","idmunicipio":"chalchuapa","municipio":"Chalchuapa","iddepartamento":"santaana","departamento":"Santa Ana","row":"1:Chalchuapa, Santa Ana"},{"cantidad":"3","idmunicipio":"coatepeque","municipio":"Coatepeque","iddepartamento":"santaana","departamento":"Santa Ana","row":"3:Coatepeque, Santa Ana"},{"cantidad":"8","idmunicipio":"santaana","municipio":"Santa Ana","iddepartamento":"santaana","departamento":"Santa Ana","row":"8:Santa Ana, Santa Ana"},{"cantidad":"1","idmunicipio":"acajutla","municipio":"Acajutla","iddepartamento":"sonsonate","departamento":"Sonsonate","row":"1:Acajutla, Sonsonate"},{"cantidad":"1","idmunicipio":"izalco","municipio":"Izalco","iddepartamento":"sonsonate","departamento":"Sonsonate","row":"1:Izalco, Sonsonate"},{"cantidad":"1","idmunicipio":"salcoatitan","municipio":"Salcoatitán","iddepartamento":"sonsonate","departamento":"Sonsonate","row":"1:Salcoatitán, Sonsonate"},{"cantidad":"1","idmunicipio":"sonsonate","municipio":"Sonsonate","iddepartamento":"sonsonate","departamento":"Sonsonate","row":"1:Sonsonate, Sonsonate"},{"cantidad":"1","idmunicipio":"chalatenango","municipio":"Chalatenango","iddepartamento":"chalatenango","departamento":"Chalatenango","row":"1:Chalatenango, Chalatenango"},{"cantidad":"5","idmunicipio":"antiguocuscatlan","municipio":"Antiguo Cuscatlán","iddepartamento":"lalibertad","departamento":"La Libertad","row":"5:Antiguo Cuscatlán, La Libertad"},{"cantidad":"1","idmunicipio":"chiltiupan","municipio":"Chiltiupán","iddepartamento":"lalibertad","departamento":"La Libertad","row":"1:Chiltiupán, La Libertad"},{"cantidad":"7","idmunicipio":"ciudadarce","municipio":"Ciudad Arce","iddepartamento":"lalibertad","departamento":"La Libertad","row":"7:Ciudad Arce, La Libertad"},{"cantidad":"2","idmunicipio":"colon","municipio":"Colón","iddepartamento":"lalibertad","departamento":"La Libertad","row":"2:Colón, La Libertad"},{"cantidad":"1","idmunicipio":"jayaque","municipio":"Jayaque","iddepartamento":"lalibertad","departamento":"La Libertad","row":"1:Jayaque, La Libertad"},{"cantidad":"2","idmunicipio":"nuevocuscatlan","municipio":"Nuevo Cuscatlán","iddepartamento":"lalibertad","departamento":"La Libertad","row":"2:Nuevo Cuscatlán, La Libertad"},{"cantidad":"1","idmunicipio":"quezaltepeque","municipio":"Quezaltepeque","iddepartamento":"lalibertad","departamento":"La Libertad","row":"1:Quezaltepeque, La Libertad"},{"cantidad":"1","idmunicipio":"sanjuanopico","municipio":"San Juan Opico","iddepartamento":"lalibertad","departamento":"La Libertad","row":"1:San Juan Opico, La Libertad"},{"cantidad":"10","idmunicipio":"santatecla","municipio":"Santa Tecla","iddepartamento":"lalibertad","departamento":"La Libertad","row":"10:Santa Tecla, La Libertad"},{"cantidad":"6","idmunicipio":"apopa","municipio":"Apopa","iddepartamento":"sansalvador","departamento":"San Salvador","row":"6:Apopa, San Salvador"},{"cantidad":"2","idmunicipio":"ayutuxtepeque","municipio":"Ayutuxtepeque","iddepartamento":"sansalvador","departamento":"San Salvador","row":"2:Ayutuxtepeque, San Salvador"},{"cantidad":"3","idmunicipio":"cuscatancingo","municipio":"Cuscatancingo","iddepartamento":"sansalvador","departamento":"San Salvador","row":"3:Cuscatancingo, San Salvador"},{"cantidad":"1","idmunicipio":"ilopango","municipio":"Ilopango","iddepartamento":"sansalvador","departamento":"San Salvador","row":"1:Ilopango, San Salvador"},{"cantidad":"10","idmunicipio":"mejicanos","municipio":"Mejicanos","iddepartamento":"sansalvador","departamento":"San Salvador","row":"10:Mejicanos, San Salvador"},{"cantidad":"1","idmunicipio":"panchimalco","municipio":"Panchimalco","iddepartamento":"sansalvador","departamento":"San Salvador","row":"1:Panchimalco, San Salvador"},{"cantidad":"1","idmunicipio":"sanmarcos","municipio":"San Marcos","iddepartamento":"sansalvador","departamento":"San Salvador","row":"1:San Marcos, San Salvador"},{"cantidad":"43","idmunicipio":"sansalvador","municipio":"San Salvador","iddepartamento":"sansalvador","departamento":"San Salvador","row":"43:San Salvador, San Salvador"},{"cantidad":"2","idmunicipio":"santotomas","municipio":"Santo Tomás","iddepartamento":"sansalvador","departamento":"San Salvador","row":"2:Santo Tomás, San Salvador"},{"cantidad":"4","idmunicipio":"soyapango","municipio":"Soyapango","iddepartamento":"sansalvador","departamento":"San Salvador","row":"4:Soyapango, San Salvador"},{"cantidad":"1","idmunicipio":"tonacatepeque","municipio":"Tonacatepeque","iddepartamento":"sansalvador","departamento":"San Salvador","row":"1:Tonacatepeque, San Salvador"},{"cantidad":"1","idmunicipio":"candelaria","municipio":"Candelaria","iddepartamento":"cuscatlan","departamento":"Cuscatlán","row":"1:Candelaria, Cuscatlán"},{"cantidad":"2","idmunicipio":"cojutepeque","municipio":"Cojutepeque","iddepartamento":"cuscatlan","departamento":"Cuscatlán","row":"2:Cojutepeque, Cuscatlán"},{"cantidad":"1","idmunicipio":"sanpedroperulapan","municipio":"San Pedro Perulapán","iddepartamento":"cuscatlan","departamento":"Cuscatlán","row":"1:San Pedro Perulapán, Cuscatlán"},{"cantidad":"1","idmunicipio":"cuyultitan","municipio":"Cuyultitán","iddepartamento":"lapaz","departamento":"La Paz","row":"1:Cuyultitán, La Paz"},{"cantidad":"1","idmunicipio":"sanluistalpa","municipio":"San Luis Talpa","iddepartamento":"lapaz","departamento":"La Paz","row":"1:San Luis Talpa, La Paz"},{"cantidad":"1","idmunicipio":"apastepeque","municipio":"Apastepeque","iddepartamento":"sanvicente","departamento":"San Vicente","row":"1:Apastepeque, San Vicente"},{"cantidad":"1","idmunicipio":"sansebastian","municipio":"San Sebastián","iddepartamento":"sanvicente","departamento":"San Vicente","row":"1:San Sebastián, San Vicente"},{"cantidad":"3","idmunicipio":"sanvicente","municipio":"San Vicente","iddepartamento":"sanvicente","departamento":"San Vicente","row":"3:San Vicente, San Vicente"},{"cantidad":"1","idmunicipio":"tecoluca","municipio":"Tecoluca","iddepartamento":"sanvicente","departamento":"San Vicente","row":"1:Tecoluca, San Vicente"},{"cantidad":"1","idmunicipio":"berlin","municipio":"Berlín","iddepartamento":"usulutan","departamento":"Usulután","row":"1:Berlín, Usulután"},{"cantidad":"3","idmunicipio":"ereguayquin","municipio":"Ereguayquín","iddepartamento":"usulutan","departamento":"Usulután","row":"3:Ereguayquín, Usulután"},{"cantidad":"2","idmunicipio":"jiquilisco","municipio":"Jiquilisco","iddepartamento":"usulutan","departamento":"Usulután","row":"2:Jiquilisco, Usulután"},{"cantidad":"1","idmunicipio":"jucuapa","municipio":"Jucuapa","iddepartamento":"usulutan","departamento":"Usulután","row":"1:Jucuapa, Usulután"},{"cantidad":"2","idmunicipio":"mercedesumana","municipio":"Mercedes Umaña","iddepartamento":"usulutan","departamento":"Usulután","row":"2:Mercedes Umaña, Usulután"},{"cantidad":"2","idmunicipio":"nuevagranada","municipio":"Nueva Granada","iddepartamento":"usulutan","departamento":"Usulután","row":"2:Nueva Granada, Usulután"},{"cantidad":"1","idmunicipio":"santaelena","municipio":"Santa Elena","iddepartamento":"usulutan","departamento":"Usulután","row":"1:Santa Elena, Usulután"},{"cantidad":"1","idmunicipio":"santamaria","municipio":"Santa María","iddepartamento":"usulutan","departamento":"Usulután","row":"1:Santa María, Usulután"},{"cantidad":"2","idmunicipio":"santiagodemaria","municipio":"Santiago de María","iddepartamento":"usulutan","departamento":"Usulután","row":"2:Santiago de María, Usulután"},{"cantidad":"5","idmunicipio":"usulutan","municipio":"Usulután","iddepartamento":"usulutan","departamento":"Usulután","row":"5:Usulután, Usulután"},{"cantidad":"1","idmunicipio":"carolina","municipio":"Carolina","iddepartamento":"sanmiguel","departamento":"San Miguel","row":"1:Carolina, San Miguel"},{"cantidad":"1","idmunicipio":"chinameca","municipio":"Chinameca","iddepartamento":"sanmiguel","departamento":"San Miguel","row":"1:Chinameca, San Miguel"},{"cantidad":"1","idmunicipio":"ciudadbarrios","municipio":"Ciudad Barrios","iddepartamento":"sanmiguel","departamento":"San Miguel","row":"1:Ciudad Barrios, San Miguel"},{"cantidad":"9","idmunicipio":"sanmiguel","municipio":"San Miguel","iddepartamento":"sanmiguel","departamento":"San Miguel","row":"9:San Miguel, San Miguel"},{"cantidad":"1","idmunicipio":"sesori","municipio":"Sesori","iddepartamento":"sanmiguel","departamento":"San Miguel","row":"1:Sesori, San Miguel"},{"cantidad":"1","idmunicipio":"elrosario","municipio":"El Rosario","iddepartamento":"morazan","departamento":"Morazán","row":"1:El Rosario, Morazán"},{"cantidad":"2","idmunicipio":"sanfranciscogotera","municipio":"San Francisco Gotera","iddepartamento":"morazan","departamento":"Morazán","row":"2:San Francisco Gotera, Morazán"},{"cantidad":"1","idmunicipio":"concepciondeoriente","municipio":"Concepción de Oriente","iddepartamento":"launion","departamento":"La Unión","row":"1:Concepción de Oriente, La Unión"},{"cantidad":"1","idmunicipio":"sanalejo","municipio":"San Alejo","iddepartamento":"launion","departamento":"La Unión","row":"1:San Alejo, La Unión"}]