[{"cantidad":"15","idmunicipio":"ahuachapan","municipio":"Ahuachapán","iddepartamento":"ahuachapan","departamento":"Ahuachapán","row":"15:Ahuachapán, Ahuachapán"},{"cantidad":"5","idmunicipio":"atiquizaya","municipio":"Atiquizaya","iddepartamento":"ahuachapan","departamento":"Ahuachapán","row":"5:Atiquizaya, Ahuachapán"},{"cantidad":"1","idmunicipio":"concepciondeataco","municipio":"Concepción de Ataco","iddepartamento":"ahuachapan","departamento":"Ahuachapán","row":"1:Concepción de Ataco, Ahuachapán"},{"cantidad":"2","idmunicipio":"elrefugio","municipio":"El Refugio","iddepartamento":"ahuachapan","departamento":"Ahuachapán","row":"2:El Refugio, Ahuachapán"},{"cantidad":"1","idmunicipio":"sanfranciscomenendez","municipio":"San Francisco Menéndez","iddepartamento":"ahuachapan","departamento":"Ahuachapán","row":"1:San Francisco Menéndez, Ahuachapán"},{"cantidad":"1","idmunicipio":"sanlorenzo","municipio":"San Lorenzo","iddepartamento":"ahuachapan","departamento":"Ahuachapán","row":"1:San Lorenzo, Ahuachapán"},{"cantidad":"2","idmunicipio":"turin","municipio":"Turín","iddepartamento":"ahuachapan","departamento":"Ahuachapán","row":"2:Turín, Ahuachapán"},{"cantidad":"9","idmunicipio":"chalchuapa","municipio":"Chalchuapa","iddepartamento":"santaana","departamento":"Santa Ana","row":"9:Chalchuapa, Santa Ana"},{"cantidad":"2","idmunicipio":"elcongo","municipio":"El Congo","iddepartamento":"santaana","departamento":"Santa Ana","row":"2:El Congo, Santa Ana"},{"cantidad":"1","idmunicipio":"metapan","municipio":"Metapán","iddepartamento":"santaana","departamento":"Santa Ana","row":"1:Metapán, Santa Ana"},{"cantidad":"2","idmunicipio":"sansebastiansalitrillo","municipio":"San Sebastián Salitrillo","iddepartamento":"santaana","departamento":"Santa Ana","row":"2:San Sebastián Salitrillo, Santa Ana"},{"cantidad":"28","idmunicipio":"santaana","municipio":"Santa Ana","iddepartamento":"santaana","departamento":"Santa Ana","row":"28:Santa Ana, Santa Ana"},{"cantidad":"1","idmunicipio":"armenia","municipio":"Armenia","iddepartamento":"sonsonate","departamento":"Sonsonate","row":"1:Armenia, Sonsonate"},{"cantidad":"1","idmunicipio":"izalco","municipio":"Izalco","iddepartamento":"sonsonate","departamento":"Sonsonate","row":"1:Izalco, Sonsonate"},{"cantidad":"1","idmunicipio":"juayua","municipio":"Juayúa","iddepartamento":"sonsonate","departamento":"Sonsonate","row":"1:Juayúa, Sonsonate"},{"cantidad":"3","idmunicipio":"nahuizalco","municipio":"Nahuizalco","iddepartamento":"sonsonate","departamento":"Sonsonate","row":"3:Nahuizalco, Sonsonate"},{"cantidad":"5","idmunicipio":"sonsonate","municipio":"Sonsonate","iddepartamento":"sonsonate","departamento":"Sonsonate","row":"5:Sonsonate, Sonsonate"},{"cantidad":"2","idmunicipio":"sonzacate","municipio":"Sonzacate","iddepartamento":"sonsonate","departamento":"Sonsonate","row":"2:Sonzacate, Sonsonate"},{"cantidad":"8","idmunicipio":"chalatenango","municipio":"Chalatenango","iddepartamento":"chalatenango","departamento":"Chalatenango","row":"8:Chalatenango, Chalatenango"},{"cantidad":"1","idmunicipio":"elcarrizal","municipio":"El Carrizal","iddepartamento":"chalatenango","departamento":"Chalatenango","row":"1:El Carrizal, Chalatenango"},{"cantidad":"1","idmunicipio":"elparaiso","municipio":"El Paraíso","iddepartamento":"chalatenango","departamento":"Chalatenango","row":"1:El Paraíso, Chalatenango"},{"cantidad":"1","idmunicipio":"lapalma","municipio":"La Palma","iddepartamento":"chalatenango","departamento":"Chalatenango","row":"1:La Palma, Chalatenango"},{"cantidad":"1","idmunicipio":"nombredejesus","municipio":"Nombre de Jesús","iddepartamento":"chalatenango","departamento":"Chalatenango","row":"1:Nombre de Jesús, Chalatenango"},{"cantidad":"1","idmunicipio":"ojosdeagua","municipio":"Ojos de Agua","iddepartamento":"chalatenango","departamento":"Chalatenango","row":"1:Ojos de Agua, Chalatenango"},{"cantidad":"4","idmunicipio":"antiguocuscatlan","municipio":"Antiguo Cuscatlán","iddepartamento":"lalibertad","departamento":"La Libertad","row":"4:Antiguo Cuscatlán, La Libertad"},{"cantidad":"1","idmunicipio":"ciudadarce","municipio":"Ciudad Arce","iddepartamento":"lalibertad","departamento":"La Libertad","row":"1:Ciudad Arce, La Libertad"},{"cantidad":"8","idmunicipio":"colon","municipio":"Colón","iddepartamento":"lalibertad","departamento":"La Libertad","row":"8:Colón, La Libertad"},{"cantidad":"1","idmunicipio":"comasagua","municipio":"Comasagua","iddepartamento":"lalibertad","departamento":"La Libertad","row":"1:Comasagua, La Libertad"},{"cantidad":"1","idmunicipio":"lalibertad","municipio":"La Libertad","iddepartamento":"lalibertad","departamento":"La Libertad","row":"1:La Libertad, La Libertad"},{"cantidad":"2","idmunicipio":"nuevocuscatlan","municipio":"Nuevo Cuscatlán","iddepartamento":"lalibertad","departamento":"La Libertad","row":"2:Nuevo Cuscatlán, La Libertad"},{"cantidad":"6","idmunicipio":"quezaltepeque","municipio":"Quezaltepeque","iddepartamento":"lalibertad","departamento":"La Libertad","row":"6:Quezaltepeque, La Libertad"},{"cantidad":"4","idmunicipio":"sanjosevillanueva","municipio":"San José Villanueva","iddepartamento":"lalibertad","departamento":"La Libertad","row":"4:San José Villanueva, La Libertad"},{"cantidad":"1","idmunicipio":"sanpablotacachico","municipio":"San Pablo Tacachico","iddepartamento":"lalibertad","departamento":"La Libertad","row":"1:San Pablo Tacachico, La Libertad"},{"cantidad":"27","idmunicipio":"santatecla","municipio":"Santa Tecla","iddepartamento":"lalibertad","departamento":"La Libertad","row":"27:Santa Tecla, La Libertad"},{"cantidad":"1","idmunicipio":"tepecoyo","municipio":"Tepecoyo","iddepartamento":"lalibertad","departamento":"La Libertad","row":"1:Tepecoyo, La Libertad"},{"cantidad":"5","idmunicipio":"zaragoza","municipio":"Zaragoza","iddepartamento":"lalibertad","departamento":"La Libertad","row":"5:Zaragoza, La Libertad"},{"cantidad":"1","idmunicipio":"aguilares","municipio":"Aguilares","iddepartamento":"sansalvador","departamento":"San Salvador","row":"1:Aguilares, San Salvador"},{"cantidad":"10","idmunicipio":"apopa","municipio":"Apopa","iddepartamento":"sansalvador","departamento":"San Salvador","row":"10:Apopa, San Salvador"},{"cantidad":"6","idmunicipio":"ayutuxtepeque","municipio":"Ayutuxtepeque","iddepartamento":"sansalvador","departamento":"San Salvador","row":"6:Ayutuxtepeque, San Salvador"},{"cantidad":"7","idmunicipio":"cuscatancingo","municipio":"Cuscatancingo","iddepartamento":"sansalvador","departamento":"San Salvador","row":"7:Cuscatancingo, San Salvador"},{"cantidad":"5","idmunicipio":"ciudaddelgado","municipio":"Ciudad Delgado","iddepartamento":"sansalvador","departamento":"San Salvador","row":"5:Ciudad Delgado, San Salvador"},{"cantidad":"2","idmunicipio":"guazapa","municipio":"Guazapa","iddepartamento":"sansalvador","departamento":"San Salvador","row":"2:Guazapa, San Salvador"},{"cantidad":"15","idmunicipio":"ilopango","municipio":"Ilopango","iddepartamento":"sansalvador","departamento":"San Salvador","row":"15:Ilopango, San Salvador"},{"cantidad":"14","idmunicipio":"mejicanos","municipio":"Mejicanos","iddepartamento":"sansalvador","departamento":"San Salvador","row":"14:Mejicanos, San Salvador"},{"cantidad":"3","idmunicipio":"nejapa","municipio":"Nejapa","iddepartamento":"sansalvador","departamento":"San Salvador","row":"3:Nejapa, San Salvador"},{"cantidad":"6","idmunicipio":"panchimalco","municipio":"Panchimalco","iddepartamento":"sansalvador","departamento":"San Salvador","row":"6:Panchimalco, San Salvador"},{"cantidad":"7","idmunicipio":"sanmarcos","municipio":"San Marcos","iddepartamento":"sansalvador","departamento":"San Salvador","row":"7:San Marcos, San Salvador"},{"cantidad":"7","idmunicipio":"sanmartin","municipio":"San Martín","iddepartamento":"sansalvador","departamento":"San Salvador","row":"7:San Martín, San Salvador"},{"cantidad":"38","idmunicipio":"sansalvador","municipio":"San Salvador","iddepartamento":"sansalvador","departamento":"San Salvador","row":"38:San Salvador, San Salvador"},{"cantidad":"3","idmunicipio":"santotomas","municipio":"Santo Tomás","iddepartamento":"sansalvador","departamento":"San Salvador","row":"3:Santo Tomás, San Salvador"},{"cantidad":"34","idmunicipio":"soyapango","municipio":"Soyapango","iddepartamento":"sansalvador","departamento":"San Salvador","row":"34:Soyapango, San Salvador"},{"cantidad":"8","idmunicipio":"tonacatepeque","municipio":"Tonacatepeque","iddepartamento":"sansalvador","departamento":"San Salvador","row":"8:Tonacatepeque, San Salvador"},{"cantidad":"1","idmunicipio":"cojutepeque","municipio":"Cojutepeque","iddepartamento":"cuscatlan","departamento":"Cuscatlán","row":"1:Cojutepeque, Cuscatlán"},{"cantidad":"1","idmunicipio":"elcarmen","municipio":"El Carmen","iddepartamento":"cuscatlan","departamento":"Cuscatlán","row":"1:El Carmen, Cuscatlán"},{"cantidad":"1","idmunicipio":"sanpedroperulapan","municipio":"San Pedro Perulapán","iddepartamento":"cuscatlan","departamento":"Cuscatlán","row":"1:San Pedro Perulapán, Cuscatlán"},{"cantidad":"1","idmunicipio":"santiagononualco","municipio":"Santiago Nonualco","iddepartamento":"lapaz","departamento":"La Paz","row":"1:Santiago Nonualco, La Paz"},{"cantidad":"1","idmunicipio":"zacatecoluca","municipio":"Zacatecoluca","iddepartamento":"lapaz","departamento":"La Paz","row":"1:Zacatecoluca, La Paz"},{"cantidad":"1","idmunicipio":"sensuntepeque","municipio":"Sensuntepeque","iddepartamento":"cabanas","departamento":"Cabañas","row":"1:Sensuntepeque, Cabañas"},{"cantidad":"1","idmunicipio":"sanildefonso","municipio":"San Ildefonso","iddepartamento":"sanvicente","departamento":"San Vicente","row":"1:San Ildefonso, San Vicente"},{"cantidad":"1","idmunicipio":"sansebastian","municipio":"San Sebastián","iddepartamento":"sanvicente","departamento":"San Vicente","row":"1:San Sebastián, San Vicente"},{"cantidad":"5","idmunicipio":"sanvicente","municipio":"San Vicente","iddepartamento":"sanvicente","departamento":"San Vicente","row":"5:San Vicente, San Vicente"},{"cantidad":"1","idmunicipio":"jiquilisco","municipio":"Jiquilisco","iddepartamento":"usulutan","departamento":"Usulután","row":"1:Jiquilisco, Usulután"},{"cantidad":"1","idmunicipio":"puertoeltriunfo","municipio":"Puerto El Triunfo","iddepartamento":"usulutan","departamento":"Usulután","row":"1:Puerto El Triunfo, Usulután"},{"cantidad":"1","idmunicipio":"santaelena","municipio":"Santa Elena","iddepartamento":"usulutan","departamento":"Usulután","row":"1:Santa Elena, Usulután"},{"cantidad":"1","idmunicipio":"tecapan","municipio":"Tecapán","iddepartamento":"usulutan","departamento":"Usulután","row":"1:Tecapán, Usulután"},{"cantidad":"2","idmunicipio":"usulutan","municipio":"Usulután","iddepartamento":"usulutan","departamento":"Usulután","row":"2:Usulután, Usulután"},{"cantidad":"1","idmunicipio":"chinameca","municipio":"Chinameca","iddepartamento":"sanmiguel","departamento":"San Miguel","row":"1:Chinameca, San Miguel"},{"cantidad":"1","idmunicipio":"quelepa","municipio":"Quelepa","iddepartamento":"sanmiguel","departamento":"San Miguel","row":"1:Quelepa, San Miguel"},{"cantidad":"42","idmunicipio":"sanmiguel","municipio":"San Miguel","iddepartamento":"sanmiguel","departamento":"San Miguel","row":"42:San Miguel, San Miguel"},{"cantidad":"1","idmunicipio":"sanrafaeloriente","municipio":"San Rafael Oriente","iddepartamento":"sanmiguel","departamento":"San Miguel","row":"1:San Rafael Oriente, San Miguel"},{"cantidad":"1","idmunicipio":"corinto","municipio":"Corinto","iddepartamento":"morazan","departamento":"Morazán","row":"1:Corinto, Morazán"},{"cantidad":"2","idmunicipio":"jocoro","municipio":"Jocoro","iddepartamento":"morazan","departamento":"Morazán","row":"2:Jocoro, Morazán"},{"cantidad":"2","idmunicipio":"osicala","municipio":"Osicala","iddepartamento":"morazan","departamento":"Morazán","row":"2:Osicala, Morazán"},{"cantidad":"1","idmunicipio":"sanfranciscogotera","municipio":"San Francisco Gotera","iddepartamento":"morazan","departamento":"Morazán","row":"1:San Francisco Gotera, Morazán"},{"cantidad":"1","idmunicipio":"sansimon","municipio":"San Simón","iddepartamento":"morazan","departamento":"Morazán","row":"1:San Simón, Morazán"},{"cantidad":"1","idmunicipio":"anamoros","municipio":"Anamorós","iddepartamento":"launion","departamento":"La Unión","row":"1:Anamorós, La Unión"},{"cantidad":"1","idmunicipio":"sanalejo","municipio":"San Alejo","iddepartamento":"launion","departamento":"La Unión","row":"1:San Alejo, La Unión"}]