[{"cantidad":"1","idmunicipio":"ahuachapan","municipio":"Ahuachapán","iddepartamento":"ahuachapan","departamento":"Ahuachapán","row":"1:Ahuachapán, Ahuachapán"},{"cantidad":"1","idmunicipio":"atiquizaya","municipio":"Atiquizaya","iddepartamento":"ahuachapan","departamento":"Ahuachapán","row":"1:Atiquizaya, Ahuachapán"},{"cantidad":"1","idmunicipio":"guaymango","municipio":"Guaymango","iddepartamento":"ahuachapan","departamento":"Ahuachapán","row":"1:Guaymango, Ahuachapán"},{"cantidad":"1","idmunicipio":"candelariadelafrontera","municipio":"Candelaria de la Frontera","iddepartamento":"santaana","departamento":"Santa Ana","row":"1:Candelaria de la Frontera, Santa Ana"},{"cantidad":"1","idmunicipio":"chalchuapa","municipio":"Chalchuapa","iddepartamento":"santaana","departamento":"Santa Ana","row":"1:Chalchuapa, Santa Ana"},{"cantidad":"1","idmunicipio":"elcongo","municipio":"El Congo","iddepartamento":"santaana","departamento":"Santa Ana","row":"1:El Congo, Santa Ana"},{"cantidad":"2","idmunicipio":"sansebastiansalitrillo","municipio":"San Sebastián Salitrillo","iddepartamento":"santaana","departamento":"Santa Ana","row":"2:San Sebastián Salitrillo, Santa Ana"},{"cantidad":"15","idmunicipio":"santaana","municipio":"Santa Ana","iddepartamento":"santaana","departamento":"Santa Ana","row":"15:Santa Ana, Santa Ana"},{"cantidad":"1","idmunicipio":"armenia","municipio":"Armenia","iddepartamento":"sonsonate","departamento":"Sonsonate","row":"1:Armenia, Sonsonate"},{"cantidad":"1","idmunicipio":"nahuizalco","municipio":"Nahuizalco","iddepartamento":"sonsonate","departamento":"Sonsonate","row":"1:Nahuizalco, Sonsonate"},{"cantidad":"2","idmunicipio":"sonsonate","municipio":"Sonsonate","iddepartamento":"sonsonate","departamento":"Sonsonate","row":"2:Sonsonate, Sonsonate"},{"cantidad":"1","idmunicipio":"chalatenango","municipio":"Chalatenango","iddepartamento":"chalatenango","departamento":"Chalatenango","row":"1:Chalatenango, Chalatenango"},{"cantidad":"1","idmunicipio":"concepcionquezaltepeque","municipio":"Concepción Quezaltepeque","iddepartamento":"chalatenango","departamento":"Chalatenango","row":"1:Concepción Quezaltepeque, Chalatenango"},{"cantidad":"1","idmunicipio":"sanignacio","municipio":"San Ignacio","iddepartamento":"chalatenango","departamento":"Chalatenango","row":"1:San Ignacio, Chalatenango"},{"cantidad":"10","idmunicipio":"antiguocuscatlan","municipio":"Antiguo Cuscatlán","iddepartamento":"lalibertad","departamento":"La Libertad","row":"10:Antiguo Cuscatlán, La Libertad"},{"cantidad":"10","idmunicipio":"colon","municipio":"Colón","iddepartamento":"lalibertad","departamento":"La Libertad","row":"10:Colón, La Libertad"},{"cantidad":"2","idmunicipio":"jayaque","municipio":"Jayaque","iddepartamento":"lalibertad","departamento":"La Libertad","row":"2:Jayaque, La Libertad"},{"cantidad":"2","idmunicipio":"lalibertad","municipio":"La Libertad","iddepartamento":"lalibertad","departamento":"La Libertad","row":"2:La Libertad, La Libertad"},{"cantidad":"2","idmunicipio":"nuevocuscatlan","municipio":"Nuevo Cuscatlán","iddepartamento":"lalibertad","departamento":"La Libertad","row":"2:Nuevo Cuscatlán, La Libertad"},{"cantidad":"1","idmunicipio":"sacacoyo","municipio":"Sacacoyo","iddepartamento":"lalibertad","departamento":"La Libertad","row":"1:Sacacoyo, La Libertad"},{"cantidad":"1","idmunicipio":"sanjosevillanueva","municipio":"San José Villanueva","iddepartamento":"lalibertad","departamento":"La Libertad","row":"1:San José Villanueva, La Libertad"},{"cantidad":"2","idmunicipio":"sanjuanopico","municipio":"San Juan Opico","iddepartamento":"lalibertad","departamento":"La Libertad","row":"2:San Juan Opico, La Libertad"},{"cantidad":"12","idmunicipio":"santatecla","municipio":"Santa Tecla","iddepartamento":"lalibertad","departamento":"La Libertad","row":"12:Santa Tecla, La Libertad"},{"cantidad":"1","idmunicipio":"zaragoza","municipio":"Zaragoza","iddepartamento":"lalibertad","departamento":"La Libertad","row":"1:Zaragoza, La Libertad"},{"cantidad":"6","idmunicipio":"apopa","municipio":"Apopa","iddepartamento":"sansalvador","departamento":"San Salvador","row":"6:Apopa, San Salvador"},{"cantidad":"7","idmunicipio":"ayutuxtepeque","municipio":"Ayutuxtepeque","iddepartamento":"sansalvador","departamento":"San Salvador","row":"7:Ayutuxtepeque, San Salvador"},{"cantidad":"3","idmunicipio":"cuscatancingo","municipio":"Cuscatancingo","iddepartamento":"sansalvador","departamento":"San Salvador","row":"3:Cuscatancingo, San Salvador"},{"cantidad":"8","idmunicipio":"ciudaddelgado","municipio":"Ciudad Delgado","iddepartamento":"sansalvador","departamento":"San Salvador","row":"8:Ciudad Delgado, San Salvador"},{"cantidad":"1","idmunicipio":"guazapa","municipio":"Guazapa","iddepartamento":"sansalvador","departamento":"San Salvador","row":"1:Guazapa, San Salvador"},{"cantidad":"5","idmunicipio":"ilopango","municipio":"Ilopango","iddepartamento":"sansalvador","departamento":"San Salvador","row":"5:Ilopango, San Salvador"},{"cantidad":"24","idmunicipio":"mejicanos","municipio":"Mejicanos","iddepartamento":"sansalvador","departamento":"San Salvador","row":"24:Mejicanos, San Salvador"},{"cantidad":"3","idmunicipio":"panchimalco","municipio":"Panchimalco","iddepartamento":"sansalvador","departamento":"San Salvador","row":"3:Panchimalco, San Salvador"},{"cantidad":"2","idmunicipio":"rosariodemora","municipio":"Rosario de Mora","iddepartamento":"sansalvador","departamento":"San Salvador","row":"2:Rosario de Mora, San Salvador"},{"cantidad":"8","idmunicipio":"sanmarcos","municipio":"San Marcos","iddepartamento":"sansalvador","departamento":"San Salvador","row":"8:San Marcos, San Salvador"},{"cantidad":"4","idmunicipio":"sanmartin","municipio":"San Martín","iddepartamento":"sansalvador","departamento":"San Salvador","row":"4:San Martín, San Salvador"},{"cantidad":"48","idmunicipio":"sansalvador","municipio":"San Salvador","iddepartamento":"sansalvador","departamento":"San Salvador","row":"48:San Salvador, San Salvador"},{"cantidad":"2","idmunicipio":"santiagotexacuangos","municipio":"Santiago Texacuangos","iddepartamento":"sansalvador","departamento":"San Salvador","row":"2:Santiago Texacuangos, San Salvador"},{"cantidad":"7","idmunicipio":"santotomas","municipio":"Santo Tomás","iddepartamento":"sansalvador","departamento":"San Salvador","row":"7:Santo Tomás, San Salvador"},{"cantidad":"18","idmunicipio":"soyapango","municipio":"Soyapango","iddepartamento":"sansalvador","departamento":"San Salvador","row":"18:Soyapango, San Salvador"},{"cantidad":"5","idmunicipio":"tonacatepeque","municipio":"Tonacatepeque","iddepartamento":"sansalvador","departamento":"San Salvador","row":"5:Tonacatepeque, San Salvador"},{"cantidad":"1","idmunicipio":"candelaria","municipio":"Candelaria","iddepartamento":"cuscatlan","departamento":"Cuscatlán","row":"1:Candelaria, Cuscatlán"},{"cantidad":"4","idmunicipio":"cojutepeque","municipio":"Cojutepeque","iddepartamento":"cuscatlan","departamento":"Cuscatlán","row":"4:Cojutepeque, Cuscatlán"},{"cantidad":"1","idmunicipio":"montesanjuan","municipio":"Monte San Juan","iddepartamento":"cuscatlan","departamento":"Cuscatlán","row":"1:Monte San Juan, Cuscatlán"},{"cantidad":"1","idmunicipio":"sanjoseguayabal","municipio":"San José Guayabal","iddepartamento":"cuscatlan","departamento":"Cuscatlán","row":"1:San José Guayabal, Cuscatlán"},{"cantidad":"1","idmunicipio":"sanpedroperulapan","municipio":"San Pedro Perulapán","iddepartamento":"cuscatlan","departamento":"Cuscatlán","row":"1:San Pedro Perulapán, Cuscatlán"},{"cantidad":"5","idmunicipio":"sanluistalpa","municipio":"San Luis Talpa","iddepartamento":"lapaz","departamento":"La Paz","row":"5:San Luis Talpa, La Paz"},{"cantidad":"1","idmunicipio":"sanpedromasahuat","municipio":"San Pedro Masahuat","iddepartamento":"lapaz","departamento":"La Paz","row":"1:San Pedro Masahuat, La Paz"},{"cantidad":"1","idmunicipio":"sanrafaelobrajuelo","municipio":"San Rafael Obrajuelo","iddepartamento":"lapaz","departamento":"La Paz","row":"1:San Rafael Obrajuelo, La Paz"},{"cantidad":"2","idmunicipio":"santiagononualco","municipio":"Santiago Nonualco","iddepartamento":"lapaz","departamento":"La Paz","row":"2:Santiago Nonualco, La Paz"},{"cantidad":"2","idmunicipio":"tapalhuaca","municipio":"Tapalhuaca","iddepartamento":"lapaz","departamento":"La Paz","row":"2:Tapalhuaca, La Paz"},{"cantidad":"3","idmunicipio":"zacatecoluca","municipio":"Zacatecoluca","iddepartamento":"lapaz","departamento":"La Paz","row":"3:Zacatecoluca, La Paz"},{"cantidad":"6","idmunicipio":"ilobasco","municipio":"Ilobasco","iddepartamento":"cabanas","departamento":"Cabañas","row":"6:Ilobasco, Cabañas"},{"cantidad":"1","idmunicipio":"sanvicente","municipio":"San Vicente","iddepartamento":"sanvicente","departamento":"San Vicente","row":"1:San Vicente, San Vicente"},{"cantidad":"1","idmunicipio":"mercedesumana","municipio":"Mercedes Umaña","iddepartamento":"usulutan","departamento":"Usulután","row":"1:Mercedes Umaña, Usulután"},{"cantidad":"1","idmunicipio":"santaelena","municipio":"Santa Elena","iddepartamento":"usulutan","departamento":"Usulután","row":"1:Santa Elena, Usulután"},{"cantidad":"1","idmunicipio":"santamaria","municipio":"Santa María","iddepartamento":"usulutan","departamento":"Usulután","row":"1:Santa María, Usulután"},{"cantidad":"5","idmunicipio":"usulutan","municipio":"Usulután","iddepartamento":"usulutan","departamento":"Usulután","row":"5:Usulután, Usulután"},{"cantidad":"2","idmunicipio":"chinameca","municipio":"Chinameca","iddepartamento":"sanmiguel","departamento":"San Miguel","row":"2:Chinameca, San Miguel"},{"cantidad":"1","idmunicipio":"eltransito","municipio":"El Tránsito","iddepartamento":"sanmiguel","departamento":"San Miguel","row":"1:El Tránsito, San Miguel"},{"cantidad":"1","idmunicipio":"lolotique","municipio":"Lolotique","iddepartamento":"sanmiguel","departamento":"San Miguel","row":"1:Lolotique, San Miguel"},{"cantidad":"1","idmunicipio":"moncagua","municipio":"Moncagua","iddepartamento":"sanmiguel","departamento":"San Miguel","row":"1:Moncagua, San Miguel"},{"cantidad":"25","idmunicipio":"sanmiguel","municipio":"San Miguel","iddepartamento":"sanmiguel","departamento":"San Miguel","row":"25:San Miguel, San Miguel"},{"cantidad":"1","idmunicipio":"sanfranciscogotera","municipio":"San Francisco Gotera","iddepartamento":"morazan","departamento":"Morazán","row":"1:San Francisco Gotera, Morazán"},{"cantidad":"3","idmunicipio":"launion","municipio":"La Unión","iddepartamento":"launion","departamento":"La Unión","row":"3:La Unión, La Unión"},{"cantidad":"3","idmunicipio":"santarosadelima","municipio":"Santa Rosa de Lima","iddepartamento":"launion","departamento":"La Unión","row":"3:Santa Rosa de Lima, La Unión"}]